id_poliza,id_asegurado,ramo,fecha_inicio,fecha_fin,prima,suma_asegurada,deducible,canal_venta,ciudad,estado_poliza
POL-00001,ASG-00045,Hogar,2023-09-11,2024-09-10,2684.58,79653.42,409.97,Agente,Portoviejo,Cancelada
POL-00002,ASG-00321,Generales,2023-05-01,2024-04-30,7386.22,132991.81,5728.4,Broker,Ambato,Activa
POL-00003,ASG-00390,Vida,2023-08-04,2024-08-03,2322.45,94973.76,3448.79,Agente,Guayaquil,Activa
POL-00004,ASG-00148,Vida,2024-05-30,2025-05-30,5560.81,136847.16,6434.77,Broker,Portoviejo,Vencida
POL-00005,ASG-00327,Vehículos,2023-05-29,2024-05-28,4535.67,100657.43,4520.16,Agente,Ambato,Activa
POL-00006,ASG-00212,Generales,2024-06-16,2025-06-16,949.56,31909.46,645.37,Broker,Guayaquil,Activa
POL-00007,ASG-00294,Salud,2024-06-22,2025-06-22,938.17,15726.81,188.38,Digital,Riobamba,Activa
POL-00008,ASG-00151,Generales,2024-10-19,2025-10-19,1452.96,52656.94,627.53,Broker,Ambato,Activa
POL-00009,ASG-00356,Salud,2023-08-06,2024-08-05,2113.63,40655.35,1936.57,Bancaseguros,Manta,Activa
POL-00010,ASG-00165,Vida,2023-03-15,2024-03-14,2057.32,26764.32,430.76,Broker,Machala,Activa
POL-00011,ASG-00252,Vida,2024-03-01,2025-03-01,4752.31,112323.95,5527.27,Directo,Cuenca,Vencida
POL-00012,ASG-00012,Hogar,2024-07-16,2025-07-16,2880.93,40008.81,762.15,Broker,Machala,Cancelada
POL-00013,ASG-00383,Salud,2024-07-16,2025-07-16,9670.67,149252.23,6227.48,Bancaseguros,Manta,Activa
POL-00014,ASG-00435,Vehículos,2023-08-15,2024-08-14,6093.07,98581.01,2934.7,Agente,Portoviejo,Activa
POL-00015,ASG-00327,Hogar,2024-10-11,2025-10-11,1396.94,22451.59,484.96,Agente,Portoviejo,Cancelada
POL-00016,ASG-00251,Vehículos,2024-02-25,2025-02-24,3363.31,93332.7,1089.54,Directo,Manta,Vencida
POL-00017,ASG-00058,Hogar,2024-08-12,2025-08-12,7947.89,101206.14,3995.0,Bancaseguros,Esmeraldas,Activa
POL-00018,ASG-00209,Salud,2023-11-04,2024-11-03,3863.98,55939.01,635.54,Digital,Quito,Activa
POL-00019,ASG-00211,Hogar,2024-04-09,2025-04-09,330.94,16263.14,665.92,Digital,Ibarra,Activa
POL-00020,ASG-00127,Salud,2023-01-01,2024-01-01,6567.63,86360.68,3707.26,Bancaseguros,Guayaquil,Activa
POL-00021,ASG-00219,Hogar,2023-12-28,2024-12-27,4126.67,75589.53,2137.96,Bancaseguros,Guayaquil,Cancelada
POL-00022,ASG-00179,Vehículos,2024-04-11,2025-04-11,6183.74,107309.72,1991.7,Bancaseguros,Esmeraldas,Activa
POL-00023,ASG-00283,Salud,2023-02-15,2024-02-15,3459.28,127985.85,3656.67,Directo,Portoviejo,Cancelada
POL-00024,ASG-00016,Hogar,2023-01-09,2024-01-09,2176.7,64914.55,550.09,Bancaseguros,Ibarra,Activa
POL-00025,ASG-00424,Salud,2024-07-12,2025-07-12,2057.42,31605.95,626.72,Bancaseguros,Guayaquil,Vencida
POL-00026,ASG-00122,Vehículos,2023-08-20,2024-08-19,2303.02,54054.98,1216.12,Agente,Cuenca,Cancelada
POL-00027,ASG-00045,Hogar,2024-04-20,2025-04-20,3028.33,106454.73,1116.57,Directo,Esmeraldas,Activa
POL-00028,ASG-00283,Generales,2024-05-14,2025-05-14,2125.17,29814.87,596.7,Directo,Loja,Cancelada
POL-00029,ASG-00389,Generales,2024-06-08,2025-06-08,821.73,24790.78,1236.19,Broker,Guayaquil,Activa
POL-00030,ASG-00430,Salud,2023-07-16,2024-07-15,9180.77,123628.09,5093.81,Broker,Manta,Vencida
POL-00031,ASG-00087,Vida,2024-05-18,2025-05-18,2962.64,59049.68,2068.22,Bancaseguros,Cuenca,Activa
POL-00032,ASG-00243,Generales,2023-02-25,2024-02-25,4363.03,63989.29,320.18,Directo,Santo Domingo,Activa
POL-00033,ASG-00062,Generales,2023-10-24,2024-10-23,1669.57,23338.61,596.56,Agente,Cuenca,Activa
POL-00034,ASG-00152,Vida,2023-08-21,2024-08-20,2518.81,116390.62,4842.05,Broker,Ambato,Vencida
POL-00035,ASG-00308,Hogar,2023-03-31,2024-03-30,3758.4,108118.49,4895.4,Digital,Loja,Activa
POL-00036,ASG-00393,Vehículos,2024-01-08,2025-01-07,439.17,16293.9,120.41,Broker,Cuenca,Activa
POL-00037,ASG-00168,Vida,2023-11-04,2024-11-03,5426.96,102357.93,3583.83,Agente,Loja,Cancelada
POL-00038,ASG-00360,Generales,2024-05-05,2025-05-05,935.15,21863.58,614.17,Directo,Portoviejo,Activa
POL-00039,ASG-00105,Generales,2023-10-03,2024-10-02,2667.26,53861.07,888.09,Broker,Santo Domingo,Activa
POL-00040,ASG-00322,Salud,2024-01-14,2025-01-13,3865.77,143396.13,3059.01,Digital,Portoviejo,Vencida
POL-00041,ASG-00123,Generales,2024-10-02,2025-10-02,5576.2,147821.41,4514.44,Directo,Quito,Activa
POL-00042,ASG-00317,Salud,2023-06-09,2024-06-08,1749.57,39429.05,340.67,Broker,Ibarra,Cancelada
POL-00043,ASG-00058,Vehículos,2023-12-11,2024-12-10,286.05,11248.02,452.85,Digital,Portoviejo,Cancelada
POL-00044,ASG-00242,Generales,2024-07-18,2025-07-18,1654.32,25591.15,1102.82,Directo,Quito,Vencida
POL-00045,ASG-00372,Hogar,2023-11-08,2024-11-07,2848.22,51355.77,312.95,Directo,Quito,Vencida
POL-00046,ASG-00061,Generales,2024-01-04,2025-01-03,928.94,24034.0,475.12,Agente,Ibarra,Activa
POL-00047,ASG-00052,Hogar,2024-02-01,2025-01-31,1321.25,24289.01,815.03,Agente,Quito,Activa
POL-00048,ASG-00134,Hogar,2024-02-07,2025-02-06,2554.01,102968.93,1670.8,Agente,Quito,Activa
POL-00049,ASG-00071,Hogar,2023-08-30,2024-08-29,8218.25,114967.49,3530.5,Bancaseguros,Portoviejo,Vencida
POL-00050,ASG-00196,Vehículos,2023-07-21,2024-07-20,5142.04,142679.43,4474.3,Digital,Quito,Cancelada
POL-00051,ASG-00055,Vehículos,2023-02-21,2024-02-21,204.33,9651.29,197.82,Bancaseguros,Esmeraldas,Cancelada
POL-00052,ASG-00062,Generales,2023-04-01,2024-03-31,905.95,40720.13,768.19,Broker,Machala,Cancelada
POL-00053,ASG-00126,Generales,2023-11-26,2024-11-25,10212.87,149197.15,5207.77,Broker,Ambato,Activa
POL-00054,ASG-00353,Salud,2023-08-17,2024-08-16,4060.17,68448.71,2733.72,Broker,Ambato,Activa
POL-00055,ASG-00109,Vida,2024-05-30,2025-05-30,8386.35,138778.73,2291.39,Broker,Cuenca,Vencida
POL-00056,ASG-00200,Salud,2024-09-14,2025-09-14,2249.17,47856.58,1571.04,Bancaseguros,Guayaquil,Cancelada
POL-00057,ASG-00311,Salud,2024-01-30,2025-01-29,2837.34,64323.04,913.88,Agente,Machala,Activa
POL-00058,ASG-00398,Vehículos,2023-09-17,2024-09-16,1915.6,43011.23,1606.31,Broker,Esmeraldas,Vencida
POL-00059,ASG-00096,Generales,2024-12-24,2025-12-24,5301.59,124063.01,5714.8,Directo,Cuenca,Activa
POL-00060,ASG-00433,Hogar,2023-10-05,2024-10-04,1659.92,30887.76,360.22,Agente,Machala,Activa
POL-00061,ASG-00066,Vehículos,2023-11-18,2024-11-17,5818.98,125568.02,6167.73,Digital,Manta,Vencida
POL-00062,ASG-00214,Vida,2024-02-01,2025-01-31,1817.39,69967.38,2722.94,Digital,Cuenca,Cancelada
POL-00063,ASG-00363,Hogar,2024-08-18,2025-08-18,437.29,17034.13,130.67,Directo,Ibarra,Vencida
POL-00064,ASG-00007,Generales,2023-10-31,2024-10-30,397.33,7820.47,264.28,Broker,Loja,Activa
POL-00065,ASG-00128,Hogar,2023-05-23,2024-05-22,7104.18,123325.99,5607.66,Agente,Loja,Vencida
POL-00066,ASG-00303,Generales,2023-07-14,2024-07-13,1434.1,39791.84,552.79,Broker,Esmeraldas,Cancelada
POL-00067,ASG-00346,Hogar,2024-01-04,2025-01-03,1123.72,27237.3,947.47,Broker,Manta,Activa
POL-00068,ASG-00282,Generales,2023-11-08,2024-11-07,3035.83,50193.77,1347.12,Agente,Machala,Vencida
POL-00069,ASG-00374,Vehículos,2024-04-02,2025-04-02,1767.17,25343.91,514.39,Directo,Loja,Cancelada
POL-00070,ASG-00248,Salud,2024-10-24,2025-10-24,4244.77,133967.43,5322.25,Agente,Esmeraldas,Activa
POL-00071,ASG-00171,Vehículos,2023-08-31,2024-08-30,7737.93,147730.68,2356.71,Agente,Ibarra,Activa
POL-00072,ASG-00055,Vida,2023-07-19,2024-07-18,4566.31,97388.26,4648.1,Agente,Portoviejo,Cancelada
POL-00073,ASG-00080,Vida,2023-12-26,2024-12-25,4129.66,78713.72,1354.27,Bancaseguros,Riobamba,Cancelada
POL-00074,ASG-00247,Vida,2024-04-27,2025-04-27,4174.56,108653.87,3419.93,Directo,Cuenca,Activa
POL-00075,ASG-00042,Vehículos,2023-07-29,2024-07-28,3173.99,139172.87,2416.88,Agente,Loja,Activa
POL-00076,ASG-00182,Salud,2023-09-30,2024-09-29,4489.55,93495.67,1290.49,Agente,Cuenca,Activa
POL-00077,ASG-00285,Hogar,2024-01-03,2025-01-02,5077.92,128164.21,1244.16,Agente,Quito,Activa
POL-00078,ASG-00057,Vida,2024-12-11,2025-12-11,233.77,10926.28,276.48,Agente,Esmeraldas,Activa
POL-00079,ASG-00270,Vida,2024-05-30,2025-05-30,813.25,37119.53,1384.97,Agente,Cuenca,Cancelada
POL-00080,ASG-00227,Generales,2023-09-21,2024-09-20,479.82,21362.11,145.73,Agente,Riobamba,Activa
POL-00081,ASG-00359,Salud,2024-07-26,2025-07-26,1276.1,55914.12,1524.03,Broker,Loja,Activa
POL-00082,ASG-00322,Vehículos,2024-08-16,2025-08-16,6893.74,136073.91,2785.08,Directo,Quito,Vencida
POL-00083,ASG-00350,Hogar,2024-04-15,2025-04-15,3590.88,141181.71,6118.07,Digital,Portoviejo,Activa
POL-00084,ASG-00036,Generales,2024-03-11,2025-03-11,5332.51,100213.52,1624.05,Digital,Santo Domingo,Activa
POL-00085,ASG-00022,Hogar,2023-06-09,2024-06-08,9420.2,146658.56,5230.19,Bancaseguros,Cuenca,Cancelada
POL-00086,ASG-00201,Salud,2023-01-29,2024-01-29,1107.02,21141.66,1006.9,Broker,Machala,Activa
POL-00087,ASG-00402,Salud,2024-09-03,2025-09-03,1988.34,45705.36,1487.6,Directo,Guayaquil,Cancelada
POL-00088,ASG-00048,Vida,2024-01-09,2025-01-08,3730.95,144096.83,6244.25,Digital,Guayaquil,Cancelada
POL-00089,ASG-00218,Hogar,2024-11-10,2025-11-10,4826.88,69868.97,486.97,Agente,Esmeraldas,Vencida
POL-00090,ASG-00348,Hogar,2023-04-02,2024-04-01,5425.14,107648.53,4590.71,Broker,Machala,Activa
POL-00091,ASG-00257,Hogar,2023-01-11,2024-01-11,1949.8,32558.36,196.09,Broker,Guayaquil,Activa
POL-00092,ASG-00142,Salud,2024-04-14,2025-04-14,8929.54,116073.58,1730.09,Bancaseguros,Loja,Activa
POL-00093,ASG-00289,Vehículos,2024-10-06,2025-10-06,918.11,16003.19,787.42,Broker,Loja,Activa
POL-00094,ASG-00022,Salud,2024-10-31,2025-10-31,1499.72,28598.64,381.69,Digital,Cuenca,Vencida
POL-00095,ASG-00326,Vehículos,2024-01-12,2025-01-11,2113.39,56915.08,965.28,Agente,Machala,Cancelada
POL-00096,ASG-00269,Salud,2023-11-15,2024-11-14,1809.4,35836.07,1417.88,Directo,Ambato,Activa
POL-00097,ASG-00418,Hogar,2024-07-07,2025-07-07,1524.09,33986.6,674.45,Broker,Esmeraldas,Activa
POL-00098,ASG-00302,Hogar,2024-10-30,2025-10-30,2666.58,37027.62,965.17,Bancaseguros,Riobamba,Activa
POL-00099,ASG-00178,Generales,2023-09-11,2024-09-10,8670.16,149550.45,776.18,Broker,Manta,Vencida
POL-00100,ASG-00415,Vida,2023-02-19,2024-02-19,2665.83,56413.94,2370.36,Directo,Machala,Vencida
POL-00101,ASG-00048,Vehículos,2023-03-24,2024-03-23,7939.05,132329.83,3972.01,Agente,Cuenca,Cancelada
POL-00102,ASG-00218,Vida,2024-06-20,2025-06-20,2385.92,93393.1,565.08,Broker,Machala,Activa
POL-00103,ASG-00400,Vehículos,2024-07-10,2025-07-10,2692.85,120971.8,5965.06,Bancaseguros,Manta,Cancelada
POL-00104,ASG-00307,Generales,2023-10-05,2024-10-04,5995.81,134515.03,4222.97,Digital,Portoviejo,Vencida
POL-00105,ASG-00066,Hogar,2024-08-31,2025-08-31,686.36,17109.75,712.42,Broker,Esmeraldas,Activa
POL-00106,ASG-00426,Salud,2023-09-12,2024-09-11,2110.96,70436.87,629.1,Broker,Guayaquil,Activa
POL-00107,ASG-00015,Hogar,2023-08-17,2024-08-16,298.29,10915.16,467.59,Bancaseguros,Quito,Activa
POL-00108,ASG-00207,Hogar,2023-06-23,2024-06-22,8681.78,146801.94,2290.63,Directo,Cuenca,Activa
POL-00109,ASG-00057,Vida,2024-07-22,2025-07-22,326.0,8969.34,125.24,Digital,Ibarra,Vencida
POL-00110,ASG-00206,Hogar,2024-05-11,2025-05-11,1307.9,58959.78,1594.82,Broker,Riobamba,Vencida
POL-00111,ASG-00362,Salud,2024-04-02,2025-04-02,4065.25,57409.65,1950.16,Digital,Riobamba,Activa
POL-00112,ASG-00292,Vida,2024-04-05,2025-04-05,5017.76,89062.65,912.72,Directo,Quito,Vencida
POL-00113,ASG-00401,Vehículos,2023-07-27,2024-07-26,431.37,8657.96,233.63,Directo,Manta,Activa
POL-00114,ASG-00246,Generales,2024-02-04,2025-02-03,2731.13,50946.04,2448.12,Broker,Portoviejo,Cancelada
POL-00115,ASG-00187,Generales,2023-06-05,2024-06-04,2668.16,56537.23,2709.18,Bancaseguros,Quito,Cancelada
POL-00116,ASG-00239,Vehículos,2023-12-03,2024-12-02,7432.11,96130.08,613.35,Broker,Loja,Activa
POL-00117,ASG-00282,Hogar,2023-05-11,2024-05-10,9112.26,121264.76,1533.76,Directo,Manta,Vencida
POL-00118,ASG-00419,Vida,2024-10-30,2025-10-30,7308.09,94019.53,610.69,Bancaseguros,Machala,Activa
POL-00119,ASG-00349,Salud,2024-11-26,2025-11-26,4255.58,66497.42,675.14,Bancaseguros,Ambato,Activa
POL-00120,ASG-00110,Salud,2024-08-21,2025-08-21,2662.61,34725.23,531.55,Bancaseguros,Manta,Activa
POL-00121,ASG-00185,Vehículos,2023-07-03,2024-07-02,2792.49,97399.01,4804.25,Bancaseguros,Machala,Vencida
POL-00122,ASG-00160,Hogar,2024-04-25,2025-04-25,1520.12,23701.41,681.08,Broker,Quito,Cancelada
POL-00123,ASG-00210,Vehículos,2023-05-25,2024-05-24,5841.87,97161.49,2603.28,Bancaseguros,Quito,Cancelada
POL-00124,ASG-00094,Salud,2024-11-12,2025-11-12,3818.4,146634.05,1020.94,Digital,Riobamba,Cancelada
POL-00125,ASG-00368,Salud,2024-04-17,2025-04-17,1449.18,24109.77,902.75,Directo,Ambato,Vencida
POL-00126,ASG-00069,Generales,2024-08-28,2025-08-28,4200.33,134254.08,2309.88,Bancaseguros,Guayaquil,Activa
POL-00127,ASG-00324,Salud,2023-11-03,2024-11-02,6736.03,94318.19,3276.88,Bancaseguros,Esmeraldas,Vencida
POL-00128,ASG-00103,Vehículos,2023-05-03,2024-05-02,1802.43,60745.22,1938.36,Digital,Riobamba,Activa
POL-00129,ASG-00247,Salud,2024-09-23,2025-09-23,3043.11,69803.33,1395.49,Broker,Santo Domingo,Activa
POL-00130,ASG-00367,Salud,2024-06-03,2025-06-03,569.36,17596.67,826.7,Broker,Santo Domingo,Activa
POL-00131,ASG-00071,Vida,2023-01-17,2024-01-17,1479.59,36174.46,643.82,Broker,Cuenca,Activa
POL-00132,ASG-00142,Vehículos,2024-11-19,2025-11-19,1324.03,25446.27,764.42,Bancaseguros,Guayaquil,Vencida
POL-00133,ASG-00017,Salud,2024-12-12,2025-12-12,1119.25,20699.58,450.13,Digital,Esmeraldas,Vencida
POL-00134,ASG-00317,Salud,2024-10-07,2025-10-07,4314.85,63732.72,1301.84,Broker,Loja,Vencida
POL-00135,ASG-00005,Vehículos,2024-01-10,2025-01-09,5494.95,97112.66,2657.81,Bancaseguros,Santo Domingo,Cancelada
POL-00136,ASG-00129,Hogar,2023-09-11,2024-09-10,2913.05,87831.55,3170.39,Agente,Esmeraldas,Cancelada
POL-00137,ASG-00156,Vida,2024-09-10,2025-09-10,5820.7,99366.41,555.21,Bancaseguros,Esmeraldas,Activa
POL-00138,ASG-00149,Generales,2023-04-29,2024-04-28,3535.67,54550.61,1028.08,Digital,Guayaquil,Activa
POL-00139,ASG-00399,Vida,2023-08-10,2024-08-09,7646.25,123446.3,5128.98,Digital,Loja,Vencida
POL-00140,ASG-00032,Generales,2024-11-23,2025-11-23,4740.28,124617.57,4607.78,Bancaseguros,Santo Domingo,Vencida
POL-00141,ASG-00138,Salud,2024-02-02,2025-02-01,8360.38,114144.39,3622.77,Directo,Portoviejo,Activa
POL-00142,ASG-00375,Vida,2023-07-04,2024-07-03,6835.09,96884.46,894.23,Digital,Quito,Activa
POL-00143,ASG-00304,Salud,2024-05-09,2025-05-09,8011.54,116016.5,932.86,Bancaseguros,Santo Domingo,Activa
POL-00144,ASG-00179,Vida,2024-02-08,2025-02-07,4814.26,65718.87,3205.6,Broker,Cuenca,Vencida
POL-00145,ASG-00252,Hogar,2024-10-15,2025-10-15,5234.58,70286.68,2285.21,Directo,Loja,Activa
POL-00146,ASG-00186,Generales,2024-05-17,2025-05-17,270.65,8291.8,140.58,Agente,Machala,Activa
POL-00147,ASG-00269,Vehículos,2023-11-26,2024-11-25,4667.12,73830.33,3165.78,Directo,Loja,Cancelada
POL-00148,ASG-00009,Vida,2024-05-24,2025-05-24,8282.09,136084.51,5818.44,Broker,Ibarra,Vencida
POL-00149,ASG-00087,Hogar,2023-08-29,2024-08-28,4004.99,149453.1,7376.7,Broker,Ambato,Cancelada
POL-00150,ASG-00395,Generales,2024-09-26,2025-09-26,6751.81,92923.93,974.18,Digital,Machala,Activa
POL-00151,ASG-00136,Generales,2024-09-11,2025-09-11,1925.85,58868.6,1367.82,Broker,Ambato,Cancelada
POL-00152,ASG-00343,Vehículos,2023-12-02,2024-12-01,7983.45,112447.05,675.66,Bancaseguros,Guayaquil,Activa
POL-00153,ASG-00094,Salud,2023-12-29,2024-12-28,3228.15,125040.06,1391.28,Directo,Quito,Activa
POL-00154,ASG-00094,Vehículos,2023-11-25,2024-11-24,6512.29,84659.39,1798.32,Agente,Loja,Cancelada
POL-00155,ASG-00037,Vida,2024-08-12,2025-08-12,6071.23,89709.59,1198.0,Agente,Portoviejo,Activa
POL-00156,ASG-00058,Vehículos,2024-03-15,2025-03-15,526.13,8674.94,85.55,Digital,Loja,Activa
POL-00157,ASG-00200,Hogar,2024-08-25,2025-08-25,1365.08,22721.17,693.32,Broker,Esmeraldas,Activa
POL-00158,ASG-00184,Hogar,2023-11-10,2024-11-09,2382.35,70594.87,1534.97,Broker,Machala,Activa
POL-00159,ASG-00091,Vehículos,2023-08-04,2024-08-03,2878.55,64063.81,2784.52,Digital,Loja,Cancelada
POL-00160,ASG-00271,Vida,2024-12-26,2025-12-26,4921.09,134733.51,6451.22,Digital,Manta,Cancelada
POL-00161,ASG-00184,Generales,2024-05-03,2025-05-03,9093.12,144475.72,6104.26,Bancaseguros,Portoviejo,Activa
POL-00162,ASG-00354,Generales,2024-12-15,2025-12-15,2670.67,102102.53,3050.57,Agente,Ambato,Activa
POL-00163,ASG-00235,Salud,2023-05-03,2024-05-02,2280.77,109226.5,5304.29,Agente,Esmeraldas,Vencida
POL-00164,ASG-00187,Vida,2023-08-11,2024-08-10,1938.7,32120.28,1114.89,Agente,Ambato,Vencida
POL-00165,ASG-00399,Generales,2024-08-30,2025-08-30,7100.02,147899.66,4314.5,Bancaseguros,Riobamba,Activa
POL-00166,ASG-00099,Salud,2024-08-22,2025-08-22,3817.63,97887.85,4308.29,Digital,Ambato,Activa
POL-00167,ASG-00213,Generales,2024-04-30,2025-04-30,2303.39,34701.23,303.34,Directo,Guayaquil,Activa
POL-00168,ASG-00190,Generales,2023-11-11,2024-11-10,304.0,10127.92,169.74,Agente,Esmeraldas,Cancelada
POL-00169,ASG-00274,Hogar,2024-09-21,2025-09-21,3131.82,73729.67,2928.17,Directo,Portoviejo,Cancelada
POL-00170,ASG-00109,Hogar,2024-03-22,2025-03-22,3347.8,88153.45,789.07,Directo,Machala,Cancelada
POL-00171,ASG-00121,Hogar,2023-12-25,2024-12-24,5091.65,75437.67,1016.42,Directo,Quito,Activa
POL-00172,ASG-00085,Hogar,2024-09-09,2025-09-09,5303.46,89432.32,2593.57,Agente,Esmeraldas,Cancelada
POL-00173,ASG-00191,Hogar,2023-11-02,2024-11-01,5945.76,124964.63,1580.98,Directo,Quito,Activa
POL-00174,ASG-00045,Salud,2023-01-24,2024-01-24,1129.07,21879.44,414.47,Agente,Quito,Cancelada
POL-00175,ASG-00172,Vehículos,2023-08-28,2024-08-27,295.23,6677.84,57.73,Agente,Manta,Activa
POL-00176,ASG-00371,Generales,2024-08-08,2025-08-08,2602.21,33150.22,862.98,Bancaseguros,Santo Domingo,Activa
POL-00177,ASG-00291,Hogar,2023-08-31,2024-08-30,857.33,12003.07,320.64,Directo,Guayaquil,Activa
POL-00178,ASG-00392,Salud,2024-08-25,2025-08-25,8703.77,139975.06,2612.58,Directo,Quito,Activa
POL-00179,ASG-00345,Hogar,2023-11-18,2024-11-17,549.47,7017.26,303.15,Directo,Santo Domingo,Activa
POL-00180,ASG-00393,Hogar,2024-11-28,2025-11-28,388.35,9159.27,239.19,Directo,Portoviejo,Activa
POL-00181,ASG-00066,Vehículos,2024-02-12,2025-02-11,8687.33,136103.53,5866.48,Broker,Portoviejo,Cancelada
POL-00182,ASG-00113,Vehículos,2024-10-07,2025-10-07,1765.59,24060.95,549.94,Broker,Guayaquil,Cancelada
POL-00183,ASG-00225,Generales,2023-06-28,2024-06-27,2826.03,53990.97,1052.34,Broker,Quito,Vencida
POL-00184,ASG-00028,Hogar,2024-12-28,2025-12-28,6749.52,93742.73,3313.26,Bancaseguros,Guayaquil,Cancelada
POL-00185,ASG-00153,Hogar,2024-01-24,2025-01-23,472.84,14711.67,183.78,Bancaseguros,Guayaquil,Activa
POL-00186,ASG-00309,Generales,2024-07-08,2025-07-08,1538.09,60892.03,2338.84,Digital,Ambato,Activa
POL-00187,ASG-00183,Vida,2024-11-26,2025-11-26,815.32,31338.94,966.12,Digital,Manta,Activa
POL-00188,ASG-00242,Salud,2024-03-16,2025-03-16,4078.2,111303.0,3944.03,Digital,Portoviejo,Activa
POL-00189,ASG-00330,Salud,2024-12-29,2025-12-29,8701.74,124565.64,975.8,Directo,Manta,Cancelada
POL-00190,ASG-00019,Salud,2024-09-29,2025-09-29,1034.56,32344.81,1460.13,Bancaseguros,Ambato,Activa
POL-00191,ASG-00303,Hogar,2024-09-10,2025-09-10,8754.13,114251.6,5356.02,Broker,Portoviejo,Cancelada
POL-00192,ASG-00267,Salud,2023-03-06,2024-03-05,2504.09,124392.14,1854.62,Agente,Cuenca,Activa
POL-00193,ASG-00069,Salud,2024-09-24,2025-09-24,5697.61,138601.15,800.69,Digital,Portoviejo,Activa
POL-00194,ASG-00391,Vida,2024-08-14,2025-08-14,5776.19,74693.18,2554.3,Broker,Ibarra,Cancelada
POL-00195,ASG-00308,Vida,2024-04-12,2025-04-12,1636.5,71490.88,1766.24,Digital,Quito,Activa
POL-00196,ASG-00339,Vida,2024-11-17,2025-11-17,3046.77,142150.84,3272.46,Bancaseguros,Loja,Cancelada
POL-00197,ASG-00007,Generales,2023-04-14,2024-04-13,6378.11,86332.09,2982.21,Bancaseguros,Portoviejo,Cancelada
POL-00198,ASG-00051,Vida,2024-03-19,2025-03-19,8544.17,127350.4,3665.69,Broker,Manta,Activa
POL-00199,ASG-00174,Generales,2024-02-13,2025-02-12,354.96,6510.85,60.09,Broker,Portoviejo,Vencida
POL-00200,ASG-00073,Generales,2023-05-07,2024-05-06,7506.84,140560.6,979.09,Bancaseguros,Ambato,Activa
POL-00201,ASG-00126,Salud,2024-05-15,2025-05-15,2298.98,44476.55,717.91,Directo,Portoviejo,Cancelada
POL-00202,ASG-00152,Generales,2023-01-01,2024-01-01,2041.13,47232.92,1592.66,Directo,Machala,Activa
POL-00203,ASG-00416,Hogar,2024-04-24,2025-04-24,6343.21,99240.17,587.26,Directo,Machala,Activa
POL-00204,ASG-00248,Vida,2023-04-07,2024-04-06,1178.52,56398.48,1613.33,Directo,Ambato,Cancelada
POL-00205,ASG-00147,Salud,2023-05-29,2024-05-28,2100.47,101874.69,811.36,Digital,Quito,Vencida
POL-00206,ASG-00263,Salud,2024-05-30,2025-05-30,3088.04,59280.0,684.59,Bancaseguros,Quito,Activa
POL-00207,ASG-00135,Vida,2024-08-11,2025-08-11,6959.58,123078.8,4014.29,Agente,Santo Domingo,Cancelada
POL-00208,ASG-00220,Vida,2024-03-09,2025-03-09,8472.95,125922.63,5519.45,Bancaseguros,Ambato,Activa
POL-00209,ASG-00339,Vida,2024-09-18,2025-09-18,2301.54,52101.95,1104.31,Bancaseguros,Cuenca,Vencida
POL-00210,ASG-00371,Vida,2023-09-02,2024-09-01,9343.36,146129.2,4981.16,Broker,Quito,Activa
POL-00211,ASG-00201,Generales,2023-05-06,2024-05-05,2519.27,43391.22,2025.65,Broker,Ibarra,Vencida
POL-00212,ASG-00321,Vehículos,2024-06-29,2025-06-29,2794.04,89826.11,1565.28,Agente,Cuenca,Activa
POL-00213,ASG-00137,Generales,2024-05-29,2025-05-29,2926.33,86091.69,1702.65,Directo,Machala,Activa
POL-00214,ASG-00128,Vehículos,2024-10-20,2025-10-20,1148.14,33436.77,1031.44,Agente,Ibarra,Activa
POL-00215,ASG-00303,Generales,2023-10-30,2024-10-29,5006.19,73586.9,2533.06,Agente,Ibarra,Activa
POL-00216,ASG-00384,Salud,2024-02-14,2025-02-13,6368.72,95036.04,1377.19,Agente,Quito,Activa
POL-00217,ASG-00375,Vehículos,2024-07-26,2025-07-26,4969.07,114452.36,3360.87,Digital,Santo Domingo,Activa
POL-00218,ASG-00319,Vida,2024-05-05,2025-05-05,2245.79,82905.16,577.1,Directo,Machala,Activa
POL-00219,ASG-00288,Hogar,2024-02-24,2025-02-23,1611.41,37175.93,255.52,Digital,Machala,Activa
POL-00220,ASG-00075,Generales,2023-05-30,2024-05-29,2147.29,71300.85,894.7,Broker,Guayaquil,Activa
POL-00221,ASG-00090,Salud,2024-01-25,2025-01-24,2815.08,81207.19,568.46,Broker,Santo Domingo,Vencida
POL-00222,ASG-00021,Vehículos,2024-12-07,2025-12-07,747.85,29394.91,1086.4,Directo,Riobamba,Cancelada
POL-00223,ASG-00198,Vida,2023-12-24,2024-12-23,2805.68,57379.46,449.92,Agente,Loja,Vencida
POL-00224,ASG-00211,Vehículos,2023-09-29,2024-09-28,228.03,7161.16,224.51,Broker,Cuenca,Vencida
POL-00225,ASG-00411,Vehículos,2023-08-31,2024-08-30,6591.17,82931.89,1973.13,Directo,Loja,Cancelada
POL-00226,ASG-00044,Vehículos,2023-05-25,2024-05-24,2453.45,111627.92,5532.95,Directo,Portoviejo,Activa
POL-00227,ASG-00152,Hogar,2023-08-08,2024-08-07,513.33,14229.53,188.7,Agente,Santo Domingo,Vencida
POL-00228,ASG-00144,Generales,2023-12-01,2024-11-30,6114.66,133245.07,1702.04,Broker,Portoviejo,Activa
POL-00229,ASG-00415,Salud,2023-10-24,2024-10-23,2155.77,75710.89,2879.33,Agente,Manta,Activa
POL-00230,ASG-00410,Salud,2023-06-13,2024-06-12,8407.69,118307.77,3821.03,Digital,Riobamba,Cancelada
POL-00231,ASG-00095,Vehículos,2024-08-19,2025-08-19,1450.53,40657.9,1600.02,Digital,Manta,Activa
POL-00232,ASG-00166,Hogar,2023-06-02,2024-06-01,9951.95,136702.26,5618.33,Agente,Quito,Activa
POL-00233,ASG-00328,Generales,2024-01-14,2025-01-13,6092.43,139979.79,4160.39,Digital,Santo Domingo,Activa
POL-00234,ASG-00359,Salud,2023-11-22,2024-11-21,7644.61,123893.58,5585.34,Directo,Portoviejo,Activa
POL-00235,ASG-00129,Generales,2024-10-03,2025-10-03,8181.73,128493.07,5214.88,Agente,Riobamba,Activa
POL-00236,ASG-00225,Vida,2024-08-20,2025-08-20,1760.6,28363.38,543.57,Digital,Loja,Activa
POL-00237,ASG-00260,Generales,2023-11-13,2024-11-12,3272.74,70336.36,3019.56,Broker,Santo Domingo,Cancelada
POL-00238,ASG-00062,Salud,2023-06-27,2024-06-26,6018.54,80532.34,772.46,Broker,Portoviejo,Vencida
POL-00239,ASG-00114,Salud,2023-05-09,2024-05-08,7180.63,143965.36,1497.8,Directo,Cuenca,Activa
POL-00240,ASG-00324,Salud,2024-02-08,2025-02-07,8210.12,141892.44,6741.08,Directo,Guayaquil,Activa
POL-00241,ASG-00143,Vehículos,2024-11-18,2025-11-18,388.97,9042.87,369.21,Bancaseguros,Santo Domingo,Cancelada
POL-00242,ASG-00236,Generales,2023-08-23,2024-08-22,3985.72,63614.12,1142.15,Directo,Quito,Activa
POL-00243,ASG-00315,Generales,2024-11-25,2025-11-25,7217.28,134705.6,2961.8,Broker,Santo Domingo,Activa
POL-00244,ASG-00247,Hogar,2023-10-03,2024-10-02,4603.5,129197.53,3341.08,Bancaseguros,Cuenca,Activa
POL-00245,ASG-00168,Generales,2024-04-24,2025-04-24,7716.92,109053.08,4667.74,Directo,Ibarra,Activa
POL-00246,ASG-00087,Generales,2023-06-30,2024-06-29,7005.79,139817.1,960.13,Broker,Portoviejo,Activa
POL-00247,ASG-00273,Vehículos,2024-09-02,2025-09-02,5637.28,133360.24,4860.72,Broker,Cuenca,Activa
POL-00248,ASG-00085,Generales,2024-10-21,2025-10-21,6135.6,136282.02,5627.11,Agente,Quito,Activa
POL-00249,ASG-00312,Hogar,2023-10-05,2024-10-04,2705.6,55201.71,1290.88,Directo,Ambato,Activa
POL-00250,ASG-00217,Salud,2023-10-04,2024-10-03,6539.04,97750.82,2655.92,Broker,Esmeraldas,Activa
POL-00251,ASG-00228,Hogar,2023-04-11,2024-04-10,1215.74,22366.52,306.38,Bancaseguros,Ibarra,Activa
POL-00252,ASG-00348,Salud,2023-09-02,2024-09-01,3153.52,41462.9,1487.61,Directo,Loja,Activa
POL-00253,ASG-00396,Hogar,2023-06-15,2024-06-14,10579.5,140293.25,3372.73,Agente,Machala,Vencida
POL-00254,ASG-00136,Salud,2023-11-03,2024-11-02,1714.98,26454.49,1121.98,Digital,Manta,Activa
POL-00255,ASG-00094,Salud,2023-10-12,2024-10-11,8336.04,119783.4,5587.81,Digital,Ibarra,Vencida
POL-00256,ASG-00241,Hogar,2024-01-17,2025-01-16,7542.83,137092.57,4483.85,Directo,Ibarra,Cancelada
POL-00257,ASG-00242,Generales,2024-01-16,2025-01-15,731.22,28742.42,448.37,Directo,Esmeraldas,Activa
POL-00258,ASG-00405,Vehículos,2023-02-18,2024-02-18,11102.7,140859.68,1103.41,Broker,Riobamba,Activa
POL-00259,ASG-00388,Hogar,2024-01-27,2025-01-26,257.43,8268.75,77.92,Digital,Quito,Cancelada
POL-00260,ASG-00196,Salud,2024-06-17,2025-06-17,1183.81,47905.68,1580.95,Broker,Portoviejo,Activa
POL-00261,ASG-00328,Vehículos,2024-10-01,2025-10-01,9193.59,130884.03,2143.41,Bancaseguros,Manta,Activa
POL-00262,ASG-00019,Vehículos,2023-10-04,2024-10-03,1541.76,67352.1,1576.26,Bancaseguros,Cuenca,Cancelada
POL-00263,ASG-00212,Generales,2024-08-27,2025-08-27,5061.88,72677.12,3565.45,Directo,Cuenca,Cancelada
POL-00264,ASG-00096,Vehículos,2023-08-06,2024-08-05,5796.25,101789.81,1705.56,Agente,Loja,Activa
POL-00265,ASG-00376,Generales,2023-03-07,2024-03-06,5492.3,130782.59,4313.45,Agente,Portoviejo,Cancelada
POL-00266,ASG-00175,Salud,2024-08-24,2025-08-24,1310.47,55522.61,342.9,Broker,Portoviejo,Activa
POL-00267,ASG-00431,Hogar,2023-01-22,2024-01-22,4882.03,83181.63,3174.47,Digital,Machala,Activa
POL-00268,ASG-00060,Hogar,2023-02-03,2024-02-03,1877.66,65015.86,1035.51,Directo,Ibarra,Activa
POL-00269,ASG-00197,Vehículos,2024-01-02,2025-01-01,2023.24,33461.64,1251.32,Directo,Esmeraldas,Activa
POL-00270,ASG-00105,Vehículos,2024-02-13,2025-02-12,841.14,40211.39,439.85,Broker,Cuenca,Vencida
POL-00271,ASG-00308,Salud,2024-09-21,2025-09-21,4814.32,103157.91,2181.13,Agente,Quito,Activa
POL-00272,ASG-00284,Generales,2024-12-14,2025-12-14,7766.71,114388.5,2794.16,Directo,Manta,Activa
POL-00273,ASG-00023,Vida,2023-01-06,2024-01-06,1566.46,28352.8,1012.33,Digital,Ibarra,Cancelada
POL-00274,ASG-00067,Generales,2023-06-09,2024-06-08,3220.26,55953.27,1743.29,Bancaseguros,Esmeraldas,Cancelada
POL-00275,ASG-00082,Generales,2024-02-03,2025-02-02,3788.53,103835.6,978.21,Digital,Esmeraldas,Cancelada
POL-00276,ASG-00293,Salud,2024-03-16,2025-03-16,1596.57,26847.39,363.68,Agente,Ibarra,Activa
POL-00277,ASG-00138,Salud,2024-07-29,2025-07-29,5946.42,136435.77,3910.0,Directo,Machala,Activa
POL-00278,ASG-00235,Salud,2023-10-24,2024-10-23,4069.31,72841.69,1662.75,Digital,Riobamba,Cancelada
POL-00279,ASG-00417,Vehículos,2023-09-12,2024-09-11,634.68,12621.61,242.0,Digital,Ibarra,Activa
POL-00280,ASG-00193,Vida,2024-03-04,2025-03-04,4612.39,89291.24,1656.1,Broker,Ibarra,Cancelada
POL-00281,ASG-00111,Vehículos,2023-09-10,2024-09-09,2032.99,93789.67,2041.1,Digital,Santo Domingo,Cancelada
POL-00282,ASG-00254,Salud,2024-08-18,2025-08-18,4408.1,135548.23,4786.83,Bancaseguros,Santo Domingo,Activa
POL-00283,ASG-00120,Vida,2024-12-12,2025-12-12,1745.61,84018.87,1338.32,Directo,Santo Domingo,Activa
POL-00284,ASG-00251,Hogar,2023-08-03,2024-08-02,5466.42,116829.26,3081.75,Agente,Guayaquil,Activa
POL-00285,ASG-00306,Vida,2023-10-17,2024-10-16,3155.65,57251.31,474.98,Digital,Cuenca,Activa
POL-00286,ASG-00363,Hogar,2024-03-18,2025-03-18,9797.99,131296.53,5389.05,Broker,Manta,Activa
POL-00287,ASG-00422,Generales,2024-01-30,2025-01-29,3175.84,121183.39,5793.95,Directo,Machala,Activa
POL-00288,ASG-00401,Vida,2023-01-28,2024-01-28,2811.33,112664.36,3801.76,Digital,Machala,Activa
POL-00289,ASG-00108,Vehículos,2023-05-22,2024-05-21,5657.5,146239.43,7048.74,Bancaseguros,Loja,Vencida
POL-00290,ASG-00141,Hogar,2023-10-26,2024-10-25,2557.33,48263.93,1854.89,Directo,Manta,Activa
POL-00291,ASG-00296,Hogar,2024-03-27,2025-03-27,262.71,6555.98,164.67,Digital,Ambato,Cancelada
POL-00292,ASG-00046,Vehículos,2024-04-22,2025-04-22,6640.68,108280.65,1008.24,Directo,Manta,Activa
POL-00293,ASG-00203,Generales,2023-12-28,2024-12-27,3869.45,49951.15,2187.51,Directo,Ambato,Cancelada
POL-00294,ASG-00310,Vehículos,2024-04-16,2025-04-16,646.88,32278.25,192.99,Bancaseguros,Ambato,Activa
POL-00295,ASG-00100,Hogar,2024-12-26,2025-12-26,6993.96,89037.42,2443.74,Agente,Riobamba,Vencida
POL-00296,ASG-00322,Generales,2023-10-08,2024-10-07,10126.67,130805.32,5580.09,Agente,Ibarra,Activa
POL-00297,ASG-00385,Vida,2024-05-30,2025-05-30,5051.24,108671.23,5257.35,Digital,Machala,Activa
POL-00298,ASG-00225,Salud,2024-02-29,2025-02-28,888.69,34621.28,1230.15,Agente,Esmeraldas,Activa
POL-00299,ASG-00113,Vehículos,2023-06-07,2024-06-06,2175.98,71196.8,3025.61,Digital,Quito,Cancelada
POL-00300,ASG-00133,Vehículos,2023-02-13,2024-02-13,6248.71,97706.28,654.57,Digital,Ibarra,Activa
POL-00301,ASG-00428,Generales,2023-04-07,2024-04-06,3870.11,58195.71,2909.61,Digital,Loja,Vencida
POL-00302,ASG-00216,Vehículos,2023-06-10,2024-06-09,5488.31,77890.36,1939.09,Digital,Quito,Activa
POL-00303,ASG-00029,Hogar,2023-09-20,2024-09-19,697.71,16568.93,769.19,Digital,Ibarra,Activa
POL-00304,ASG-00071,Salud,2023-09-21,2024-09-20,2969.72,47305.11,1817.11,Bancaseguros,Quito,Cancelada
POL-00305,ASG-00046,Salud,2023-01-19,2024-01-19,5242.67,123684.81,2267.61,Digital,Portoviejo,Activa
POL-00306,ASG-00305,Vida,2023-07-27,2024-07-26,5077.27,67963.45,2815.63,Broker,Quito,Cancelada
POL-00307,ASG-00050,Generales,2023-06-23,2024-06-22,5040.49,94209.12,1840.1,Digital,Portoviejo,Cancelada
POL-00308,ASG-00102,Salud,2024-12-15,2025-12-15,6535.5,149849.5,2852.92,Bancaseguros,Machala,Cancelada
POL-00309,ASG-00364,Hogar,2023-02-20,2024-02-20,4493.77,102597.28,1039.4,Bancaseguros,Quito,Cancelada
POL-00310,ASG-00096,Vehículos,2024-06-09,2025-06-09,4463.12,124146.69,3539.41,Broker,Loja,Activa
POL-00311,ASG-00257,Hogar,2024-10-08,2025-10-08,9825.88,136058.1,2370.76,Directo,Machala,Activa
POL-00312,ASG-00197,Salud,2023-11-20,2024-11-19,1647.51,62885.98,3017.16,Broker,Cuenca,Activa
POL-00313,ASG-00189,Vehículos,2024-08-20,2025-08-20,987.94,26228.73,1230.7,Bancaseguros,Riobamba,Activa
POL-00314,ASG-00143,Vehículos,2024-08-13,2025-08-13,9492.49,125196.08,6212.82,Directo,Ibarra,Activa
POL-00315,ASG-00039,Salud,2024-05-01,2025-05-01,4307.82,141989.77,4779.29,Digital,Manta,Cancelada
POL-00316,ASG-00010,Generales,2024-01-07,2025-01-06,1881.75,28297.08,515.16,Bancaseguros,Cuenca,Activa
POL-00317,ASG-00186,Salud,2023-10-31,2024-10-30,5598.97,115614.36,5676.97,Broker,Loja,Activa
POL-00318,ASG-00047,Vida,2023-07-06,2024-07-05,4074.24,87834.8,2045.04,Directo,Esmeraldas,Vencida
POL-00319,ASG-00297,Salud,2023-06-23,2024-06-22,918.81,39519.07,389.34,Digital,Ambato,Vencida
POL-00320,ASG-00095,Hogar,2023-08-09,2024-08-08,2674.56,40137.01,246.5,Bancaseguros,Ibarra,Activa
POL-00321,ASG-00107,Vehículos,2023-08-17,2024-08-16,9900.74,124316.6,1261.05,Digital,Cuenca,Vencida
POL-00322,ASG-00024,Hogar,2024-04-17,2025-04-17,4363.73,58341.39,2298.61,Bancaseguros,Cuenca,Cancelada
POL-00323,ASG-00165,Salud,2023-02-19,2024-02-19,413.48,9300.54,300.44,Digital,Esmeraldas,Cancelada
POL-00324,ASG-00040,Generales,2023-10-29,2024-10-28,1111.5,40117.74,1734.09,Directo,Cuenca,Activa
POL-00325,ASG-00226,Generales,2023-07-02,2024-07-01,1477.56,38703.3,557.53,Bancaseguros,Santo Domingo,Cancelada
POL-00326,ASG-00384,Generales,2023-10-19,2024-10-18,6861.61,142445.52,1938.62,Directo,Machala,Cancelada
POL-00327,ASG-00285,Hogar,2024-12-18,2025-12-18,3589.25,58729.04,511.18,Bancaseguros,Ibarra,Activa
POL-00328,ASG-00279,Hogar,2024-03-21,2025-03-21,3840.9,122065.4,5546.04,Agente,Esmeraldas,Activa
POL-00329,ASG-00127,Vida,2023-07-06,2024-07-05,2135.69,33293.49,805.11,Broker,Manta,Activa
POL-00330,ASG-00151,Generales,2024-11-09,2025-11-09,857.27,11201.55,121.99,Agente,Guayaquil,Cancelada
POL-00331,ASG-00388,Generales,2023-05-10,2024-05-09,7458.16,132826.96,2290.25,Bancaseguros,Riobamba,Vencida
POL-00332,ASG-00150,Vehículos,2024-06-16,2025-06-16,6637.79,141596.18,4622.05,Broker,Ambato,Activa
POL-00333,ASG-00281,Generales,2023-04-27,2024-04-26,1801.95,52596.69,1764.66,Directo,Esmeraldas,Activa
POL-00334,ASG-00206,Hogar,2024-03-21,2025-03-21,7611.08,126446.09,5810.93,Directo,Santo Domingo,Activa
POL-00335,ASG-00138,Vehículos,2024-05-19,2025-05-19,9316.44,140735.78,2838.69,Directo,Ambato,Vencida
POL-00336,ASG-00117,Vehículos,2023-04-09,2024-04-08,2704.29,112129.25,836.98,Bancaseguros,Riobamba,Activa
POL-00337,ASG-00027,Vida,2024-05-26,2025-05-26,3809.05,119277.31,2966.87,Agente,Loja,Cancelada
POL-00338,ASG-00091,Hogar,2024-05-16,2025-05-16,751.18,30025.96,243.02,Bancaseguros,Santo Domingo,Activa
POL-00339,ASG-00297,Hogar,2023-11-05,2024-11-04,4886.95,90548.75,3059.34,Digital,Riobamba,Cancelada
POL-00340,ASG-00073,Hogar,2024-09-19,2025-09-19,7241.74,131977.14,5360.7,Digital,Ibarra,Activa
POL-00341,ASG-00125,Generales,2024-07-30,2025-07-30,4689.85,113301.95,1426.16,Bancaseguros,Ibarra,Activa
POL-00342,ASG-00088,Generales,2023-01-07,2024-01-07,289.62,13123.04,368.57,Digital,Ibarra,Cancelada
POL-00343,ASG-00229,Vehículos,2024-04-02,2025-04-02,7141.85,100416.01,1499.1,Broker,Riobamba,Activa
POL-00344,ASG-00268,Vehículos,2024-04-25,2025-04-25,6075.44,132905.69,3159.62,Broker,Esmeraldas,Cancelada
POL-00345,ASG-00078,Hogar,2024-11-22,2025-11-22,1292.46,16735.4,172.57,Directo,Ambato,Activa
POL-00346,ASG-00237,Vehículos,2024-07-01,2025-07-01,4044.04,73976.77,3661.83,Agente,Loja,Cancelada
POL-00347,ASG-00422,Vida,2023-11-27,2024-11-26,6059.9,109178.21,4267.84,Bancaseguros,Quito,Activa
POL-00348,ASG-00216,Vida,2023-02-02,2024-02-02,2874.32,60452.88,2511.2,Broker,Ambato,Cancelada
POL-00349,ASG-00217,Generales,2023-07-14,2024-07-13,2808.94,52720.83,2297.37,Bancaseguros,Cuenca,Activa
POL-00350,ASG-00197,Hogar,2024-07-10,2025-07-10,2739.81,69037.9,2780.53,Agente,Quito,Cancelada
POL-00351,ASG-00110,Hogar,2023-01-29,2024-01-29,901.09,44414.93,1375.44,Broker,Esmeraldas,Activa
POL-00352,ASG-00342,Generales,2024-09-09,2025-09-09,5655.05,107521.06,1763.75,Digital,Santo Domingo,Vencida
POL-00353,ASG-00327,Hogar,2024-12-10,2025-12-10,5866.82,108845.91,1760.75,Digital,Santo Domingo,Activa
POL-00354,ASG-00018,Vida,2023-11-22,2024-11-21,1467.82,36863.93,1271.34,Broker,Guayaquil,Cancelada
POL-00355,ASG-00309,Salud,2024-03-30,2025-03-30,6920.36,125663.85,3840.99,Broker,Portoviejo,Activa
POL-00356,ASG-00276,Vida,2024-08-08,2025-08-08,10518.72,140220.7,2916.87,Agente,Manta,Activa
POL-00357,ASG-00214,Hogar,2024-07-11,2025-07-11,2117.24,86431.15,2279.76,Broker,Manta,Vencida
POL-00358,ASG-00282,Salud,2024-02-20,2025-02-19,1286.43,41587.21,1716.63,Broker,Quito,Cancelada
POL-00359,ASG-00263,Hogar,2024-02-02,2025-02-01,2463.74,116954.08,3629.02,Agente,Santo Domingo,Vencida
POL-00360,ASG-00323,Hogar,2024-02-25,2025-02-24,306.86,5062.36,90.68,Bancaseguros,Riobamba,Activa
POL-00361,ASG-00138,Vida,2023-06-29,2024-06-28,5791.42,83441.18,3998.06,Broker,Esmeraldas,Activa
POL-00362,ASG-00232,Hogar,2023-04-08,2024-04-07,403.0,5644.26,264.35,Bancaseguros,Loja,Activa
POL-00363,ASG-00044,Hogar,2023-04-11,2024-04-10,464.52,12103.73,77.07,Bancaseguros,Riobamba,Activa
POL-00364,ASG-00068,Vida,2024-12-08,2025-12-08,292.77,11038.01,121.2,Agente,Riobamba,Activa
POL-00365,ASG-00252,Vida,2024-02-07,2025-02-06,499.95,8982.96,165.26,Agente,Portoviejo,Activa
POL-00366,ASG-00343,Vehículos,2023-11-11,2024-11-10,4951.23,90091.66,3135.81,Bancaseguros,Machala,Activa
POL-00367,ASG-00217,Hogar,2023-01-27,2024-01-27,496.24,6368.24,297.12,Directo,Quito,Activa
POL-00368,ASG-00317,Generales,2023-04-17,2024-04-16,3065.7,59441.18,1239.27,Digital,Quito,Activa
POL-00369,ASG-00039,Vehículos,2023-02-25,2024-02-25,3452.9,90764.8,722.02,Bancaseguros,Santo Domingo,Vencida
POL-00370,ASG-00309,Vehículos,2024-12-22,2025-12-22,3324.73,95082.96,1866.49,Directo,Esmeraldas,Cancelada
POL-00371,ASG-00174,Salud,2023-08-02,2024-08-01,873.93,12665.75,124.76,Directo,Cuenca,Activa
POL-00372,ASG-00415,Vehículos,2024-01-11,2025-01-10,1464.86,72341.99,1204.06,Bancaseguros,Ambato,Activa
POL-00373,ASG-00041,Generales,2024-03-07,2025-03-07,4704.69,78101.05,3246.93,Bancaseguros,Riobamba,Activa
POL-00374,ASG-00173,Hogar,2024-11-27,2025-11-27,2470.1,63563.15,1365.01,Digital,Guayaquil,Activa
POL-00375,ASG-00067,Vida,2023-03-09,2024-03-08,7285.7,127439.45,1452.58,Agente,Portoviejo,Activa
POL-00376,ASG-00139,Salud,2024-05-10,2025-05-10,3572.26,80533.18,3874.9,Bancaseguros,Cuenca,Activa
POL-00377,ASG-00217,Salud,2023-05-16,2024-05-15,3709.69,60884.28,967.68,Digital,Manta,Vencida
POL-00378,ASG-00173,Vida,2023-10-29,2024-10-28,8835.98,112405.72,2178.15,Bancaseguros,Ambato,Activa
POL-00379,ASG-00225,Generales,2024-02-21,2025-02-20,3358.81,104293.74,4603.7,Digital,Ambato,Cancelada
POL-00380,ASG-00009,Hogar,2023-07-02,2024-07-01,10061.93,135126.34,1213.34,Bancaseguros,Ibarra,Activa
POL-00381,ASG-00093,Vehículos,2024-04-13,2025-04-13,1344.94,61471.54,1467.21,Bancaseguros,Guayaquil,Cancelada
POL-00382,ASG-00285,Salud,2024-07-05,2025-07-05,4700.2,121614.23,3379.05,Agente,Manta,Activa
POL-00383,ASG-00171,Vida,2023-07-25,2024-07-24,386.31,5744.4,265.29,Broker,Riobamba,Activa
POL-00384,ASG-00123,Salud,2023-06-26,2024-06-25,884.82,13828.64,507.48,Bancaseguros,Machala,Vencida
POL-00385,ASG-00058,Generales,2023-09-13,2024-09-12,3932.11,134150.24,1598.2,Bancaseguros,Riobamba,Vencida
POL-00386,ASG-00416,Vida,2024-04-28,2025-04-28,10734.94,137075.15,3714.37,Broker,Riobamba,Vencida
POL-00387,ASG-00257,Salud,2024-01-16,2025-01-15,1517.48,53639.86,2453.28,Directo,Ibarra,Activa
POL-00388,ASG-00278,Hogar,2023-10-06,2024-10-05,665.2,28323.26,1033.87,Agente,Santo Domingo,Activa
POL-00389,ASG-00207,Salud,2023-05-05,2024-05-04,3702.75,143333.17,4566.34,Agente,Quito,Vencida
POL-00390,ASG-00190,Vehículos,2023-09-06,2024-09-05,5450.9,79279.79,3425.53,Directo,Riobamba,Vencida
POL-00391,ASG-00191,Generales,2023-08-25,2024-08-24,5234.91,113539.9,5157.4,Bancaseguros,Santo Domingo,Activa
POL-00392,ASG-00170,Hogar,2024-04-09,2025-04-09,696.14,33553.65,566.66,Agente,Manta,Activa
POL-00393,ASG-00122,Vehículos,2024-01-07,2025-01-06,7577.65,137259.17,5507.84,Agente,Esmeraldas,Cancelada
POL-00394,ASG-00145,Hogar,2024-12-29,2025-12-29,1165.82,31719.96,200.06,Digital,Cuenca,Vencida
POL-00395,ASG-00400,Vida,2023-04-20,2024-04-19,5030.84,141152.21,6277.33,Agente,Guayaquil,Activa
POL-00396,ASG-00182,Salud,2024-07-07,2025-07-07,3408.14,97144.79,847.75,Broker,Esmeraldas,Activa
POL-00397,ASG-00397,Hogar,2023-10-26,2024-10-25,2998.8,71450.2,1503.68,Broker,Cuenca,Activa
POL-00398,ASG-00198,Salud,2023-11-03,2024-11-02,890.7,23853.9,1095.31,Directo,Esmeraldas,Vencida
POL-00399,ASG-00227,Vehículos,2023-05-28,2024-05-27,416.33,5396.54,189.73,Digital,Cuenca,Cancelada
POL-00400,ASG-00148,Salud,2024-09-26,2025-09-26,1959.18,76341.85,463.39,Digital,Ambato,Cancelada
POL-00401,ASG-00193,Salud,2024-10-25,2025-10-25,3805.63,149674.07,4750.69,Digital,Machala,Activa
POL-00402,ASG-00351,Generales,2024-02-25,2025-02-24,372.2,9980.44,375.37,Broker,Quito,Activa
POL-00403,ASG-00274,Hogar,2023-11-08,2024-11-07,7730.1,141945.49,2641.06,Agente,Esmeraldas,Activa
POL-00404,ASG-00287,Vida,2024-04-02,2025-04-02,6635.08,83282.57,3489.37,Agente,Manta,Vencida
POL-00405,ASG-00412,Vehículos,2024-06-24,2025-06-24,433.67,20950.8,547.05,Directo,Ibarra,Activa
POL-00406,ASG-00113,Vida,2023-03-10,2024-03-09,1726.11,27454.0,954.18,Digital,Quito,Vencida
POL-00407,ASG-00385,Vida,2023-03-28,2024-03-27,3565.02,105014.96,3078.02,Broker,Santo Domingo,Activa
POL-00408,ASG-00291,Generales,2024-10-05,2025-10-05,5636.89,90650.75,649.83,Directo,Ibarra,Activa
POL-00409,ASG-00030,Vehículos,2023-01-24,2024-01-24,2849.47,68869.99,1404.56,Broker,Cuenca,Activa
POL-00410,ASG-00199,Hogar,2023-01-05,2024-01-05,2075.38,42135.02,1194.19,Broker,Ambato,Activa
POL-00411,ASG-00004,Vehículos,2023-07-15,2024-07-14,5855.59,128505.17,1356.16,Digital,Ambato,Activa
POL-00412,ASG-00083,Generales,2024-10-17,2025-10-17,4474.02,115713.54,4840.79,Broker,Riobamba,Cancelada
POL-00413,ASG-00276,Vida,2023-09-12,2024-09-11,2259.07,28763.04,1059.37,Broker,Ibarra,Activa
POL-00414,ASG-00038,Generales,2023-03-16,2024-03-15,1821.82,45298.69,374.79,Agente,Cuenca,Activa
POL-00415,ASG-00097,Hogar,2023-08-29,2024-08-28,3935.22,135119.26,6304.47,Directo,Machala,Activa
POL-00416,ASG-00211,Vida,2024-07-10,2025-07-10,5609.74,135941.67,2637.73,Bancaseguros,Riobamba,Activa
POL-00417,ASG-00129,Vehículos,2024-01-15,2025-01-14,5074.82,131285.95,5289.53,Directo,Machala,Activa
POL-00418,ASG-00286,Vida,2023-02-16,2024-02-16,870.09,14217.47,185.86,Directo,Ambato,Vencida
POL-00419,ASG-00037,Hogar,2024-07-21,2025-07-21,2019.47,26578.56,1227.22,Digital,Guayaquil,Activa
POL-00420,ASG-00071,Vida,2023-03-13,2024-03-12,3078.66,62112.45,630.85,Broker,Ibarra,Activa
POL-00421,ASG-00091,Hogar,2024-10-22,2025-10-22,8160.14,115655.51,4661.56,Bancaseguros,Guayaquil,Vencida
POL-00422,ASG-00061,Salud,2024-05-17,2025-05-17,5814.88,129891.55,5916.76,Directo,Ambato,Vencida
POL-00423,ASG-00276,Salud,2024-04-19,2025-04-19,1522.95,43042.25,527.35,Broker,Manta,Cancelada
POL-00424,ASG-00319,Generales,2023-12-08,2024-12-07,2683.89,53208.53,1026.54,Broker,Manta,Activa
POL-00425,ASG-00392,Hogar,2024-06-05,2025-06-05,4328.81,79337.66,966.25,Digital,Cuenca,Vencida
POL-00426,ASG-00228,Salud,2024-09-22,2025-09-22,3591.86,54275.43,1526.54,Broker,Loja,Activa
POL-00427,ASG-00376,Vida,2024-08-08,2025-08-08,1367.32,22981.8,946.19,Directo,Loja,Activa
POL-00428,ASG-00354,Salud,2023-01-30,2024-01-30,4497.14,115332.84,4441.0,Broker,Riobamba,Activa
POL-00429,ASG-00354,Vida,2024-09-14,2025-09-14,5958.06,106531.38,3716.65,Bancaseguros,Esmeraldas,Cancelada
POL-00430,ASG-00184,Hogar,2023-02-18,2024-02-18,932.54,31965.3,1212.54,Agente,Ambato,Activa
POL-00431,ASG-00363,Generales,2024-04-08,2025-04-08,5591.37,105971.32,3435.7,Broker,Guayaquil,Activa
POL-00432,ASG-00160,Salud,2023-10-22,2024-10-21,2597.77,38163.85,1664.37,Broker,Ambato,Activa
POL-00433,ASG-00363,Hogar,2024-09-15,2025-09-15,4280.2,147064.87,4883.27,Broker,Guayaquil,Activa
POL-00434,ASG-00342,Generales,2023-09-09,2024-09-08,1309.09,46473.2,1270.58,Broker,Portoviejo,Activa
POL-00435,ASG-00251,Salud,2024-05-05,2025-05-05,3345.39,60454.75,1448.75,Digital,Manta,Vencida
POL-00436,ASG-00266,Salud,2023-06-21,2024-06-20,2006.47,58131.62,2569.51,Bancaseguros,Riobamba,Vencida
POL-00437,ASG-00184,Vida,2023-08-02,2024-08-01,8138.8,137553.23,4648.42,Agente,Loja,Activa
POL-00438,ASG-00305,Hogar,2023-05-17,2024-05-16,2631.3,62045.74,1285.29,Agente,Quito,Activa
POL-00439,ASG-00374,Generales,2024-07-19,2025-07-19,1703.68,71741.1,2195.44,Digital,Portoviejo,Vencida
POL-00440,ASG-00352,Generales,2024-09-24,2025-09-24,1273.09,25554.02,610.68,Bancaseguros,Guayaquil,Activa
POL-00441,ASG-00227,Vida,2023-02-26,2024-02-26,3200.98,136099.79,5109.58,Broker,Ibarra,Vencida
POL-00442,ASG-00296,Salud,2023-02-15,2024-02-15,9168.27,149791.09,5534.31,Bancaseguros,Santo Domingo,Activa
POL-00443,ASG-00129,Vida,2024-05-09,2025-05-09,8529.67,126504.0,5191.65,Agente,Machala,Activa
POL-00444,ASG-00385,Vehículos,2024-03-05,2025-03-05,1217.7,26812.59,1135.64,Agente,Ibarra,Activa
POL-00445,ASG-00082,Hogar,2024-01-26,2025-01-25,2851.36,41292.43,762.75,Broker,Santo Domingo,Cancelada
POL-00446,ASG-00429,Vehículos,2023-09-22,2024-09-21,5087.81,114176.29,3757.58,Agente,Portoviejo,Vencida
POL-00447,ASG-00018,Vehículos,2024-01-28,2025-01-27,4192.42,58685.66,860.07,Broker,Loja,Activa
POL-00448,ASG-00230,Vida,2023-07-02,2024-07-01,4929.84,67627.81,1404.49,Agente,Esmeraldas,Activa
POL-00449,ASG-00248,Salud,2023-11-17,2024-11-16,5155.22,100371.29,4749.48,Digital,Ambato,Activa
POL-00450,ASG-00390,Vida,2023-05-07,2024-05-06,6997.98,95136.11,2212.29,Bancaseguros,Loja,Cancelada
POL-00451,ASG-00358,Hogar,2024-07-28,2025-07-28,1549.22,32500.94,576.85,Agente,Esmeraldas,Activa
POL-00452,ASG-00091,Generales,2024-11-21,2025-11-21,2934.89,62475.35,1271.54,Digital,Loja,Vencida
POL-00453,ASG-00125,Generales,2023-07-18,2024-07-17,9614.37,134224.86,5241.91,Agente,Portoviejo,Activa
POL-00454,ASG-00131,Vehículos,2023-03-23,2024-03-22,3146.34,83146.93,1658.2,Digital,Guayaquil,Activa
POL-00455,ASG-00115,Hogar,2024-10-19,2025-10-19,1811.77,27464.19,1191.75,Agente,Quito,Cancelada
POL-00456,ASG-00242,Vida,2023-03-22,2024-03-21,2595.91,42938.88,1508.69,Directo,Portoviejo,Activa
POL-00457,ASG-00182,Salud,2023-04-29,2024-04-28,833.16,13124.82,94.53,Agente,Loja,Vencida
POL-00458,ASG-00416,Hogar,2023-02-03,2024-02-03,2738.71,89161.74,3605.46,Digital,Riobamba,Cancelada
POL-00459,ASG-00014,Generales,2023-12-06,2024-12-05,2749.63,55353.03,990.84,Directo,Cuenca,Vencida
POL-00460,ASG-00079,Salud,2023-11-04,2024-11-03,5354.83,99499.97,4103.47,Agente,Ibarra,Cancelada
POL-00461,ASG-00083,Hogar,2024-05-26,2025-05-26,4662.39,61369.89,1604.6,Digital,Guayaquil,Activa
POL-00462,ASG-00059,Salud,2023-12-09,2024-12-08,5439.57,124337.35,6044.29,Agente,Machala,Vencida
POL-00463,ASG-00060,Vehículos,2023-10-28,2024-10-27,7259.55,106101.16,3150.38,Digital,Cuenca,Vencida
POL-00464,ASG-00136,Vida,2023-03-03,2024-03-02,6351.32,89652.08,1241.04,Directo,Ibarra,Activa
POL-00465,ASG-00186,Hogar,2024-08-07,2025-08-07,1250.89,44930.06,1449.41,Broker,Guayaquil,Vencida
POL-00466,ASG-00097,Salud,2024-07-14,2025-07-14,3867.65,107790.52,2493.74,Broker,Quito,Activa
POL-00467,ASG-00410,Generales,2024-04-23,2025-04-23,650.38,14838.83,305.16,Bancaseguros,Portoviejo,Vencida
POL-00468,ASG-00313,Vida,2024-09-06,2025-09-06,4137.31,100772.12,2604.24,Agente,Santo Domingo,Activa
POL-00469,ASG-00039,Hogar,2024-03-10,2025-03-10,3744.35,147619.31,1420.04,Directo,Riobamba,Activa
POL-00470,ASG-00246,Hogar,2024-07-25,2025-07-25,1292.75,26500.34,337.05,Digital,Machala,Activa
POL-00471,ASG-00150,Salud,2023-08-13,2024-08-12,10185.85,135850.72,5687.44,Agente,Santo Domingo,Cancelada
POL-00472,ASG-00129,Vehículos,2024-01-07,2025-01-06,2822.9,35364.87,1349.84,Directo,Manta,Activa
POL-00473,ASG-00338,Salud,2023-12-16,2024-12-15,4471.64,85760.55,1695.11,Digital,Quito,Activa
POL-00474,ASG-00245,Hogar,2024-06-22,2025-06-22,3975.51,105819.07,4122.06,Bancaseguros,Ibarra,Vencida
POL-00475,ASG-00281,Vehículos,2024-02-19,2025-02-18,2318.6,47318.05,2266.68,Digital,Riobamba,Cancelada
POL-00476,ASG-00330,Generales,2023-05-31,2024-05-30,8584.54,127223.05,4935.06,Bancaseguros,Esmeraldas,Vencida
POL-00477,ASG-00272,Generales,2023-03-14,2024-03-13,2158.84,27326.09,806.78,Digital,Portoviejo,Vencida
POL-00478,ASG-00422,Vida,2023-07-24,2024-07-23,1391.6,44559.15,536.5,Broker,Guayaquil,Activa
POL-00479,ASG-00348,Hogar,2024-05-11,2025-05-11,3113.25,96702.58,869.49,Agente,Cuenca,Activa
POL-00480,ASG-00418,Hogar,2023-02-06,2024-02-06,3482.31,102387.12,3640.96,Bancaseguros,Portoviejo,Vencida
POL-00481,ASG-00079,Vida,2023-10-19,2024-10-18,10334.77,147460.94,3295.17,Digital,Ambato,Activa
POL-00482,ASG-00407,Salud,2023-09-09,2024-09-08,2186.22,56133.95,329.1,Directo,Cuenca,Vencida
POL-00483,ASG-00015,Vehículos,2024-08-09,2025-08-09,1358.94,40557.37,1648.14,Digital,Cuenca,Activa
POL-00484,ASG-00029,Generales,2024-07-24,2025-07-24,5078.41,81028.82,2766.65,Broker,Santo Domingo,Vencida
POL-00485,ASG-00239,Vehículos,2023-05-21,2024-05-20,1970.04,46639.1,1303.4,Directo,Esmeraldas,Activa
POL-00486,ASG-00104,Vehículos,2023-09-09,2024-09-08,9954.55,145480.73,2986.02,Broker,Esmeraldas,Activa
POL-00487,ASG-00419,Vehículos,2024-04-16,2025-04-16,4726.0,122294.36,3528.37,Bancaseguros,Loja,Activa
POL-00488,ASG-00006,Hogar,2024-10-08,2025-10-08,1947.44,63422.06,1961.35,Agente,Esmeraldas,Activa
POL-00489,ASG-00366,Vida,2024-01-21,2025-01-20,8176.73,103358.97,2349.99,Digital,Ibarra,Activa
POL-00490,ASG-00296,Hogar,2023-04-08,2024-04-07,717.31,9435.32,127.48,Directo,Ibarra,Activa
POL-00491,ASG-00002,Vehículos,2023-07-01,2024-06-30,3508.08,128106.3,4437.97,Broker,Cuenca,Activa
POL-00492,ASG-00128,Salud,2023-05-04,2024-05-03,3413.7,55891.48,2704.33,Digital,Ambato,Activa
POL-00493,ASG-00317,Salud,2023-02-18,2024-02-18,5235.86,67751.5,3137.16,Directo,Loja,Vencida
POL-00494,ASG-00347,Generales,2024-05-26,2025-05-26,3321.8,58621.58,607.01,Digital,Portoviejo,Activa
POL-00495,ASG-00302,Vida,2024-06-08,2025-06-08,2462.47,42144.16,1837.72,Directo,Guayaquil,Activa
POL-00496,ASG-00385,Generales,2024-12-05,2025-12-05,2501.36,93894.8,648.1,Digital,Quito,Activa
POL-00497,ASG-00424,Vehículos,2023-09-17,2024-09-16,940.01,27612.8,551.53,Digital,Manta,Cancelada
POL-00498,ASG-00074,Generales,2024-11-03,2025-11-03,2306.44,97596.44,4729.75,Broker,Guayaquil,Activa
POL-00499,ASG-00262,Vehículos,2024-11-29,2025-11-29,2893.73,90635.04,1300.58,Agente,Ibarra,Cancelada
POL-00500,ASG-00302,Vehículos,2023-02-03,2024-02-03,2470.23,37212.93,962.86,Bancaseguros,Riobamba,Activa
POL-00501,ASG-00092,Vida,2024-10-19,2025-10-19,1621.19,27409.92,684.75,Digital,Santo Domingo,Activa
POL-00502,ASG-00358,Vida,2023-07-03,2024-07-02,2952.65,37674.86,257.33,Agente,Santo Domingo,Activa
POL-00503,ASG-00301,Generales,2024-11-19,2025-11-19,10952.93,146432.28,2959.62,Digital,Cuenca,Activa
POL-00504,ASG-00408,Vida,2023-06-17,2024-06-16,1317.77,21192.5,416.51,Directo,Ibarra,Activa
POL-00505,ASG-00094,Vehículos,2024-10-24,2025-10-24,1887.5,48346.33,1295.22,Bancaseguros,Manta,Activa
POL-00506,ASG-00325,Salud,2024-07-24,2025-07-24,7863.24,113502.04,1866.24,Digital,Esmeraldas,Activa
POL-00507,ASG-00015,Generales,2023-06-28,2024-06-27,4202.02,61148.69,1013.99,Digital,Esmeraldas,Activa
POL-00508,ASG-00317,Salud,2024-01-01,2024-12-31,770.02,14623.97,425.05,Broker,Quito,Activa
POL-00509,ASG-00222,Vida,2023-05-20,2024-05-19,3893.27,64524.96,2334.75,Directo,Quito,Cancelada
POL-00510,ASG-00018,Vehículos,2024-04-04,2025-04-04,1307.85,51430.08,1442.13,Digital,Cuenca,Vencida
POL-00511,ASG-00105,Generales,2024-05-10,2025-05-10,2685.17,34412.41,1412.94,Agente,Machala,Activa
POL-00512,ASG-00157,Generales,2023-09-10,2024-09-09,5998.54,116023.31,3075.03,Agente,Ibarra,Activa
POL-00513,ASG-00132,Hogar,2023-06-12,2024-06-11,2295.59,75275.69,2942.52,Digital,Cuenca,Cancelada
POL-00514,ASG-00119,Vehículos,2023-05-25,2024-05-24,5048.15,108797.11,2351.81,Broker,Ambato,Cancelada
POL-00515,ASG-00104,Vida,2023-06-21,2024-06-20,2369.21,53150.5,701.43,Bancaseguros,Ibarra,Activa
POL-00516,ASG-00258,Generales,2023-02-15,2024-02-15,1567.6,22098.77,564.57,Bancaseguros,Quito,Activa
POL-00517,ASG-00209,Generales,2024-08-07,2025-08-07,5343.18,129262.3,2330.72,Broker,Ibarra,Cancelada
POL-00518,ASG-00012,Generales,2024-07-13,2025-07-13,827.79,13637.9,92.94,Directo,Cuenca,Activa
POL-00519,ASG-00251,Generales,2024-04-07,2025-04-07,3955.13,84017.54,4115.05,Directo,Guayaquil,Cancelada
POL-00520,ASG-00243,Hogar,2024-04-30,2025-04-30,6678.63,98883.83,3131.62,Digital,Quito,Activa
POL-00521,ASG-00041,Salud,2023-07-05,2024-07-04,8256.59,121080.91,2136.78,Broker,Ibarra,Activa
POL-00522,ASG-00182,Salud,2023-05-08,2024-05-07,2582.79,72667.63,2464.15,Digital,Manta,Activa
POL-00523,ASG-00159,Generales,2023-06-29,2024-06-28,3088.55,105794.57,3595.19,Directo,Guayaquil,Activa
POL-00524,ASG-00059,Vehículos,2024-03-26,2025-03-26,1493.24,19316.85,103.58,Bancaseguros,Santo Domingo,Activa
POL-00525,ASG-00216,Salud,2024-11-01,2025-11-01,4145.09,111664.11,3854.89,Bancaseguros,Quito,Activa
POL-00526,ASG-00330,Hogar,2024-09-01,2025-09-01,4210.27,97030.08,4257.52,Broker,Machala,Activa
POL-00527,ASG-00010,Generales,2023-03-17,2024-03-16,3888.03,133897.08,3005.5,Bancaseguros,Loja,Activa
POL-00528,ASG-00338,Generales,2024-05-10,2025-05-10,7187.92,99882.4,2599.15,Directo,Loja,Activa
POL-00529,ASG-00341,Vehículos,2024-11-11,2025-11-11,3169.59,70108.48,2242.16,Directo,Loja,Vencida
POL-00530,ASG-00182,Hogar,2023-10-09,2024-10-08,3369.94,69076.18,2058.31,Broker,Ibarra,Cancelada
POL-00531,ASG-00258,Vida,2023-05-18,2024-05-17,7597.06,138532.76,5894.43,Digital,Ambato,Activa
POL-00532,ASG-00417,Vida,2024-02-16,2025-02-15,9497.29,131884.42,6188.8,Broker,Riobamba,Activa
POL-00533,ASG-00089,Vida,2023-09-25,2024-09-24,1363.14,22182.59,211.51,Directo,Manta,Activa
POL-00534,ASG-00033,Vida,2024-10-20,2025-10-20,6066.1,81483.47,3142.64,Agente,Manta,Activa
POL-00535,ASG-00127,Vehículos,2023-08-18,2024-08-17,2409.47,94604.0,1522.15,Digital,Quito,Cancelada
POL-00536,ASG-00199,Hogar,2023-07-30,2024-07-29,7547.07,121705.76,4089.89,Directo,Santo Domingo,Activa
POL-00537,ASG-00201,Hogar,2023-07-04,2024-07-03,5641.48,104271.54,1994.62,Digital,Santo Domingo,Activa
POL-00538,ASG-00022,Salud,2024-03-06,2025-03-06,3805.36,57611.18,1097.3,Bancaseguros,Loja,Cancelada
POL-00539,ASG-00410,Vida,2023-05-12,2024-05-11,1544.2,26739.81,683.19,Bancaseguros,Esmeraldas,Vencida
POL-00540,ASG-00402,Vehículos,2023-10-29,2024-10-28,3150.58,75761.57,2085.51,Agente,Ibarra,Vencida
POL-00541,ASG-00391,Generales,2023-03-18,2024-03-17,923.72,11792.06,460.97,Digital,Loja,Cancelada
POL-00542,ASG-00188,Hogar,2023-11-01,2024-10-31,3795.49,63169.82,2339.45,Digital,Loja,Activa
POL-00543,ASG-00342,Vehículos,2024-09-14,2025-09-14,2784.55,81330.26,1648.32,Broker,Guayaquil,Activa
POL-00544,ASG-00366,Vida,2024-05-15,2025-05-15,2531.88,53846.63,503.06,Directo,Ambato,Activa
POL-00545,ASG-00031,Generales,2024-08-19,2025-08-19,6735.73,140793.85,2256.63,Agente,Machala,Activa
POL-00546,ASG-00166,Hogar,2024-10-30,2025-10-30,10141.32,144709.01,1581.5,Broker,Cuenca,Activa
POL-00547,ASG-00227,Hogar,2024-06-18,2025-06-18,4716.34,124124.5,3912.66,Bancaseguros,Santo Domingo,Activa
POL-00548,ASG-00325,Salud,2023-08-28,2024-08-27,8476.61,115971.69,3085.96,Digital,Portoviejo,Cancelada
POL-00549,ASG-00102,Hogar,2024-07-15,2025-07-15,4053.8,85189.25,4230.83,Digital,Loja,Vencida
POL-00550,ASG-00125,Vida,2024-12-08,2025-12-08,1246.66,27012.2,636.77,Agente,Santo Domingo,Activa
POL-00551,ASG-00250,Generales,2023-10-15,2024-10-14,9787.37,148723.59,5787.63,Digital,Machala,Activa
POL-00552,ASG-00392,Vehículos,2023-05-20,2024-05-19,3976.26,111216.96,2804.95,Digital,Loja,Activa
POL-00553,ASG-00179,Hogar,2024-12-12,2025-12-12,3925.95,84357.49,2909.76,Agente,Cuenca,Cancelada
POL-00554,ASG-00416,Vida,2023-07-07,2024-07-06,5110.64,95509.68,2998.16,Digital,Cuenca,Activa
POL-00555,ASG-00359,Hogar,2024-02-07,2025-02-06,2637.87,100529.57,2516.34,Digital,Ambato,Activa
POL-00556,ASG-00132,Salud,2024-07-04,2025-07-04,3239.06,54428.11,603.47,Agente,Ibarra,Cancelada
POL-00557,ASG-00112,Generales,2024-11-27,2025-11-27,7423.06,147538.68,5670.94,Bancaseguros,Guayaquil,Activa
POL-00558,ASG-00342,Generales,2023-10-23,2024-10-22,6032.41,99552.8,2870.63,Broker,Guayaquil,Activa
POL-00559,ASG-00243,Generales,2024-01-21,2025-01-20,3344.41,54595.02,1442.16,Digital,Ibarra,Vencida
POL-00560,ASG-00251,Salud,2024-12-30,2025-12-30,455.14,8313.37,119.89,Digital,Portoviejo,Vencida
POL-00561,ASG-00206,Vehículos,2023-02-18,2024-02-18,402.94,6961.06,312.07,Bancaseguros,Guayaquil,Vencida
POL-00562,ASG-00036,Vida,2023-05-06,2024-05-05,9270.45,130782.64,1600.71,Digital,Quito,Vencida
POL-00563,ASG-00223,Salud,2024-10-17,2025-10-17,447.42,11131.31,376.61,Broker,Cuenca,Activa
POL-00564,ASG-00162,Vehículos,2023-05-21,2024-05-20,8598.53,125219.79,4180.3,Directo,Ambato,Activa
POL-00565,ASG-00408,Vehículos,2023-08-27,2024-08-26,7698.68,127000.49,1574.05,Agente,Santo Domingo,Activa
POL-00566,ASG-00147,Vida,2023-07-16,2024-07-15,4941.68,105239.23,3134.32,Directo,Esmeraldas,Activa
POL-00567,ASG-00095,Generales,2023-02-16,2024-02-16,6236.3,139726.95,2499.6,Agente,Machala,Vencida
POL-00568,ASG-00359,Generales,2023-11-18,2024-11-17,2979.82,65933.25,407.16,Digital,Riobamba,Activa
POL-00569,ASG-00239,Salud,2024-09-27,2025-09-27,5286.79,105843.51,4868.97,Directo,Esmeraldas,Cancelada
POL-00570,ASG-00417,Vehículos,2023-06-15,2024-06-14,2743.43,84032.39,3926.18,Agente,Guayaquil,Activa
POL-00571,ASG-00302,Salud,2023-10-15,2024-10-14,3769.45,147665.1,1356.81,Broker,Cuenca,Activa
POL-00572,ASG-00146,Vehículos,2024-10-11,2025-10-11,2537.65,34634.69,191.54,Broker,Ibarra,Activa
POL-00573,ASG-00306,Salud,2023-11-17,2024-11-16,4165.72,53541.7,2612.72,Agente,Guayaquil,Activa
POL-00574,ASG-00091,Salud,2023-07-23,2024-07-22,275.18,7639.7,94.43,Agente,Ibarra,Activa
POL-00575,ASG-00258,Salud,2023-01-02,2024-01-02,8146.29,109981.28,3844.57,Broker,Ambato,Activa
POL-00576,ASG-00359,Vehículos,2024-01-17,2025-01-16,3749.89,65191.74,1106.18,Directo,Quito,Activa
POL-00577,ASG-00363,Salud,2023-03-14,2024-03-13,2406.86,59491.29,989.12,Directo,Cuenca,Activa
POL-00578,ASG-00217,Hogar,2023-01-06,2024-01-06,4835.42,123102.83,627.02,Directo,Santo Domingo,Vencida
POL-00579,ASG-00369,Hogar,2023-04-15,2024-04-14,11067.22,138429.93,3938.9,Directo,Ibarra,Vencida
POL-00580,ASG-00210,Salud,2024-10-02,2025-10-02,6381.73,87842.42,3012.41,Agente,Manta,Vencida
POL-00581,ASG-00155,Vida,2023-12-11,2024-12-10,4773.59,147076.6,4989.12,Bancaseguros,Guayaquil,Vencida
POL-00582,ASG-00006,Salud,2023-01-11,2024-01-11,4019.31,129311.94,5921.41,Bancaseguros,Esmeraldas,Vencida
POL-00583,ASG-00037,Hogar,2024-11-24,2025-11-24,1736.73,72930.15,586.01,Bancaseguros,Cuenca,Vencida
POL-00584,ASG-00162,Vehículos,2024-09-20,2025-09-20,1671.93,45527.54,656.96,Directo,Ibarra,Activa
POL-00585,ASG-00183,Vehículos,2024-08-24,2025-08-24,997.63,47486.62,436.39,Agente,Guayaquil,Activa
POL-00586,ASG-00133,Vida,2023-06-28,2024-06-27,2563.88,48354.3,1337.59,Digital,Santo Domingo,Vencida
POL-00587,ASG-00340,Salud,2024-09-01,2025-09-01,591.86,20213.36,367.8,Directo,Manta,Activa
POL-00588,ASG-00072,Generales,2023-03-11,2024-03-10,5543.85,116866.26,3351.25,Agente,Cuenca,Cancelada
POL-00589,ASG-00405,Generales,2023-05-08,2024-05-07,6760.47,143146.37,2784.46,Digital,Machala,Cancelada
POL-00590,ASG-00352,Vehículos,2024-04-20,2025-04-20,4162.65,137269.37,4749.63,Digital,Manta,Cancelada
POL-00591,ASG-00323,Vehículos,2024-09-09,2025-09-09,3771.05,92842.24,3485.65,Digital,Guayaquil,Activa
POL-00592,ASG-00380,Salud,2023-12-12,2024-12-11,1750.12,74676.99,2007.19,Agente,Machala,Activa
POL-00593,ASG-00259,Hogar,2024-10-06,2025-10-06,5772.44,116844.28,4801.75,Digital,Portoviejo,Vencida
POL-00594,ASG-00245,Salud,2023-09-17,2024-09-16,2392.61,56745.71,2455.43,Broker,Quito,Cancelada
POL-00595,ASG-00183,Hogar,2024-01-22,2025-01-21,1343.82,38826.54,806.73,Bancaseguros,Cuenca,Activa
POL-00596,ASG-00064,Salud,2024-04-27,2025-04-27,7093.3,112505.09,5518.32,Broker,Santo Domingo,Cancelada
POL-00597,ASG-00276,Vehículos,2023-08-19,2024-08-18,7027.45,89579.9,640.41,Broker,Santo Domingo,Vencida
POL-00598,ASG-00156,Generales,2024-09-08,2025-09-08,4516.55,58703.18,2869.78,Digital,Ibarra,Activa
POL-00599,ASG-00063,Vida,2024-11-12,2025-11-12,3965.81,67106.05,2049.87,Agente,Loja,Cancelada
POL-00600,ASG-00066,Salud,2024-11-25,2025-11-25,1051.28,24055.38,617.76,Agente,Esmeraldas,Activa
POL-00601,ASG-00010,Salud,2024-12-26,2025-12-26,3010.53,43498.95,643.76,Digital,Portoviejo,Activa
POL-00602,ASG-00281,Salud,2024-01-24,2025-01-23,2645.69,57475.25,1310.56,Broker,Machala,Cancelada
POL-00603,ASG-00087,Hogar,2023-08-13,2024-08-12,3267.3,50391.74,1381.41,Directo,Manta,Activa
POL-00604,ASG-00427,Vida,2024-03-21,2025-03-21,8030.61,128983.17,1031.72,Bancaseguros,Portoviejo,Activa
POL-00605,ASG-00136,Vida,2024-07-19,2025-07-19,1883.23,80656.2,941.26,Digital,Portoviejo,Activa
POL-00606,ASG-00407,Hogar,2024-11-22,2025-11-22,1186.46,18417.45,147.06,Broker,Ambato,Cancelada
POL-00607,ASG-00025,Salud,2023-05-13,2024-05-12,4495.12,133446.98,2010.03,Broker,Quito,Activa
POL-00608,ASG-00156,Generales,2024-07-07,2025-07-07,3981.13,76623.69,577.3,Agente,Guayaquil,Activa
POL-00609,ASG-00313,Generales,2024-05-15,2025-05-15,4355.11,96906.79,4602.7,Bancaseguros,Quito,Vencida
POL-00610,ASG-00204,Vida,2024-01-02,2025-01-01,7507.67,146855.99,6892.85,Broker,Guayaquil,Activa
POL-00611,ASG-00396,Hogar,2024-03-20,2025-03-20,8758.64,131865.75,3232.08,Bancaseguros,Ibarra,Cancelada
POL-00612,ASG-00177,Generales,2023-09-27,2024-09-26,1856.32,84904.1,449.77,Directo,Manta,Activa
POL-00613,ASG-00214,Generales,2024-02-26,2025-02-25,3700.34,126708.3,1827.79,Digital,Manta,Activa
POL-00614,ASG-00218,Salud,2024-07-16,2025-07-16,626.43,14435.65,410.83,Digital,Santo Domingo,Vencida
POL-00615,ASG-00179,Vehículos,2024-12-10,2025-12-10,5686.47,148512.16,6799.9,Directo,Quito,Activa
POL-00616,ASG-00307,Salud,2024-10-17,2025-10-17,893.43,29448.42,842.79,Bancaseguros,Manta,Cancelada
POL-00617,ASG-00090,Vehículos,2024-06-06,2025-06-06,3073.5,102362.59,2948.11,Agente,Loja,Activa
POL-00618,ASG-00264,Vehículos,2023-10-12,2024-10-11,4645.65,79989.16,2752.05,Broker,Manta,Activa
POL-00619,ASG-00196,Vida,2024-09-24,2025-09-24,9300.53,148520.96,6403.57,Digital,Machala,Activa
POL-00620,ASG-00164,Hogar,2024-05-20,2025-05-20,928.62,19623.04,454.41,Bancaseguros,Ambato,Activa
POL-00621,ASG-00433,Vida,2023-01-24,2024-01-24,2399.64,48156.61,2154.77,Bancaseguros,Machala,Activa
POL-00622,ASG-00263,Salud,2023-05-19,2024-05-18,3531.98,47585.71,1955.46,Broker,Quito,Activa
POL-00623,ASG-00089,Vida,2024-01-19,2025-01-18,6657.04,85824.04,1354.33,Agente,Riobamba,Cancelada
POL-00624,ASG-00271,Generales,2024-10-06,2025-10-06,3432.78,83258.44,2344.89,Bancaseguros,Machala,Activa
POL-00625,ASG-00250,Generales,2024-04-29,2025-04-29,2306.56,89540.82,4453.95,Bancaseguros,Manta,Vencida
POL-00626,ASG-00366,Hogar,2024-09-04,2025-09-04,3907.71,116505.7,3090.76,Directo,Quito,Vencida
POL-00627,ASG-00079,Vida,2023-07-26,2024-07-25,7114.4,103837.63,1659.18,Agente,Santo Domingo,Activa
POL-00628,ASG-00248,Hogar,2024-10-11,2025-10-11,3411.4,56031.85,1311.06,Broker,Portoviejo,Cancelada
POL-00629,ASG-00287,Vehículos,2024-06-10,2025-06-10,755.01,12062.19,195.29,Directo,Guayaquil,Cancelada
POL-00630,ASG-00097,Salud,2024-09-18,2025-09-18,3169.8,120260.05,5900.61,Agente,Esmeraldas,Vencida
POL-00631,ASG-00375,Salud,2023-02-20,2024-02-20,1798.89,25609.76,525.61,Bancaseguros,Machala,Activa
POL-00632,ASG-00304,Generales,2023-10-12,2024-10-11,6164.42,122660.13,4543.56,Digital,Riobamba,Cancelada
POL-00633,ASG-00149,Vida,2024-07-04,2025-07-04,1586.84,20216.62,831.94,Digital,Santo Domingo,Activa
POL-00634,ASG-00146,Vida,2023-02-26,2024-02-26,5770.44,75176.64,790.51,Broker,Riobamba,Activa
POL-00635,ASG-00354,Hogar,2024-06-19,2025-06-19,6265.96,94146.25,1229.23,Digital,Esmeraldas,Activa
POL-00636,ASG-00158,Vehículos,2024-11-21,2025-11-21,326.1,11158.57,533.61,Digital,Loja,Activa
POL-00637,ASG-00378,Vehículos,2024-10-25,2025-10-25,2340.53,51939.54,1622.88,Digital,Ibarra,Vencida
POL-00638,ASG-00127,Generales,2023-09-18,2024-09-17,7845.88,106290.81,1171.86,Bancaseguros,Ibarra,Activa
POL-00639,ASG-00060,Vehículos,2023-10-28,2024-10-27,3893.06,53889.75,2506.76,Directo,Manta,Activa
POL-00640,ASG-00048,Generales,2024-03-10,2025-03-10,2389.96,53054.74,279.67,Directo,Ibarra,Activa
POL-00641,ASG-00061,Vehículos,2024-04-27,2025-04-27,4476.58,59087.57,2068.11,Agente,Cuenca,Vencida
POL-00642,ASG-00146,Vida,2023-07-14,2024-07-13,3634.99,121556.51,802.78,Digital,Santo Domingo,Activa
POL-00643,ASG-00429,Vida,2023-12-13,2024-12-12,8856.43,137978.56,4133.41,Agente,Manta,Activa
POL-00644,ASG-00356,Hogar,2024-07-11,2025-07-11,3700.71,149138.7,3321.24,Directo,Cuenca,Vencida
POL-00645,ASG-00177,Vida,2024-05-21,2025-05-21,472.78,9370.53,321.09,Bancaseguros,Portoviejo,Activa
POL-00646,ASG-00303,Hogar,2024-10-31,2025-10-31,768.9,11617.31,164.61,Agente,Portoviejo,Activa
POL-00647,ASG-00129,Hogar,2024-12-30,2025-12-30,4828.22,141017.86,5382.25,Bancaseguros,Cuenca,Activa
POL-00648,ASG-00426,Vida,2023-10-01,2024-09-30,957.52,14141.01,511.79,Broker,Cuenca,Vencida
POL-00649,ASG-00377,Generales,2024-11-19,2025-11-19,1824.9,82313.27,836.17,Digital,Quito,Cancelada
POL-00650,ASG-00044,Hogar,2023-10-31,2024-10-30,241.77,10762.8,332.86,Broker,Machala,Activa
POL-00651,ASG-00008,Generales,2024-11-11,2025-11-11,1990.13,87647.86,2312.83,Broker,Portoviejo,Activa
POL-00652,ASG-00028,Generales,2024-03-27,2025-03-27,5121.1,128815.2,2926.27,Directo,Riobamba,Activa
POL-00653,ASG-00211,Hogar,2024-04-27,2025-04-27,5399.66,89788.43,959.84,Agente,Ibarra,Activa
POL-00654,ASG-00186,Vida,2023-12-09,2024-12-08,10208.76,145926.89,4758.67,Directo,Manta,Vencida
POL-00655,ASG-00005,Hogar,2023-08-03,2024-08-02,1712.81,26997.44,747.27,Broker,Machala,Cancelada
POL-00656,ASG-00251,Vehículos,2024-10-10,2025-10-10,2723.61,60153.18,934.39,Digital,Guayaquil,Cancelada
POL-00657,ASG-00397,Generales,2023-12-09,2024-12-08,2461.94,41711.6,484.95,Digital,Esmeraldas,Activa
POL-00658,ASG-00407,Generales,2023-02-27,2024-02-27,602.47,11240.38,155.53,Digital,Portoviejo,Activa
POL-00659,ASG-00376,Hogar,2024-10-10,2025-10-10,9958.11,137118.52,5191.03,Bancaseguros,Ibarra,Activa
POL-00660,ASG-00341,Salud,2024-01-27,2025-01-26,10770.73,146016.66,6437.21,Bancaseguros,Ibarra,Vencida
POL-00661,ASG-00425,Vehículos,2024-12-02,2025-12-02,1735.68,85720.24,510.03,Bancaseguros,Riobamba,Activa
POL-00662,ASG-00100,Generales,2024-06-09,2025-06-09,7953.26,130015.93,6321.44,Agente,Portoviejo,Activa
POL-00663,ASG-00064,Hogar,2024-09-28,2025-09-28,4915.11,65157.21,2398.32,Bancaseguros,Santo Domingo,Vencida
POL-00664,ASG-00406,Vida,2024-09-18,2025-09-18,3498.74,61958.15,692.63,Broker,Ambato,Vencida
POL-00665,ASG-00130,Hogar,2024-03-31,2025-03-31,4999.66,137673.04,5484.51,Digital,Guayaquil,Cancelada
POL-00666,ASG-00115,Vehículos,2024-05-01,2025-05-01,5583.26,126763.33,1067.78,Agente,Guayaquil,Cancelada
POL-00667,ASG-00094,Generales,2023-12-21,2024-12-20,3559.38,93484.41,2844.31,Digital,Santo Domingo,Vencida
POL-00668,ASG-00278,Generales,2024-04-18,2025-04-18,4499.13,138840.01,1145.63,Digital,Riobamba,Vencida
POL-00669,ASG-00159,Generales,2023-12-15,2024-12-14,158.1,5862.58,148.54,Digital,Guayaquil,Vencida
POL-00670,ASG-00130,Hogar,2023-04-29,2024-04-28,650.01,9643.59,193.77,Directo,Loja,Activa
POL-00671,ASG-00003,Vehículos,2023-04-10,2024-04-09,3986.37,58637.85,1618.8,Agente,Quito,Activa
POL-00672,ASG-00397,Hogar,2024-06-05,2025-06-05,7231.21,116634.05,5176.1,Bancaseguros,Quito,Activa
POL-00673,ASG-00179,Vehículos,2023-03-03,2024-03-02,6006.63,117488.44,3212.5,Agente,Loja,Cancelada
POL-00674,ASG-00221,Generales,2023-05-09,2024-05-08,8699.09,133072.28,6161.47,Broker,Portoviejo,Cancelada
POL-00675,ASG-00165,Generales,2024-12-12,2025-12-12,3768.79,81475.7,2170.5,Bancaseguros,Ambato,Activa
POL-00676,ASG-00315,Hogar,2024-08-21,2025-08-21,2003.63,74078.15,1897.3,Digital,Ibarra,Vencida
POL-00677,ASG-00268,Hogar,2024-12-16,2025-12-16,4268.9,67997.97,1354.04,Digital,Loja,Activa
POL-00678,ASG-00389,Vida,2023-03-28,2024-03-27,2933.87,119522.65,5106.98,Agente,Esmeraldas,Vencida
POL-00679,ASG-00195,Generales,2024-10-19,2025-10-19,7198.84,98578.24,1404.2,Bancaseguros,Quito,Vencida
POL-00680,ASG-00070,Generales,2023-06-12,2024-06-11,1204.08,35692.9,750.43,Broker,Cuenca,Activa
POL-00681,ASG-00240,Salud,2024-02-15,2025-02-14,1453.12,31235.93,289.02,Broker,Ambato,Vencida
POL-00682,ASG-00067,Vida,2023-04-12,2024-04-11,1047.23,18086.83,665.76,Agente,Loja,Activa
POL-00683,ASG-00344,Generales,2024-08-03,2025-08-03,2735.56,89765.58,1458.05,Bancaseguros,Ambato,Activa
POL-00684,ASG-00236,Vida,2023-01-26,2024-01-26,2963.8,39201.16,1063.6,Directo,Ibarra,Vencida
