id_vehiculo,id_asegurado,placa,chasis,motor,marca,modelo,ano,color,tipo
VEH-00001,ASG-00009,BZY-1240,4J7MWE6A2BYV0ISJB,PY4WN0250P2N,Suzuki,Swift,2015,Plateado,Pick-up
VEH-00002,ASG-00054,PKQ-4054,7XUX0GIUORWWPCG92,46KLECNE3CEQ,Ford,Ranger,2014,Blanco,Camioneta
VEH-00003,ASG-00147,CUM-3503,K1KTG2AN1T2L2MRU6,JMNZ6SC9BGT9,Hyundai,Elantra,2010,Rojo,Camioneta
VEH-00004,ASG-00141,MPU-8104,KL84TTPP8T5V0NGPM,B8DAHE70MUAK,Toyota,Prado,2023,Gris,Hatchback
VEH-00005,ASG-00198,PDE-2471,JKFU7H7B12UDWZDX3,FDCCPJQZ765I,Chevrolet,Cruze,2010,Blanco,Pick-up
VEH-00006,ASG-00202,ZAA-8784,T55WK2FHJKFHX4RNT,QJWN0HH4KBZK,Mazda,2,2012,Blanco,Sedán
VEH-00007,ASG-00196,OOB-6076,F16TG8WWTVBBKQ8HL,TQ99SCU1GHAW,Toyota,Fortuner,2018,Blanco,Camioneta
VEH-00008,ASG-00146,WMR-5377,CT04YOZDNNPKRQ9SG,LLULBA3R60AP,Renault,Stepway,2015,Gris,SUV
VEH-00009,ASG-00427,HJW-1209,AYOV57JZFQ8XAA1JT,7Z2C8B9QM6SZ,Mazda,CX-5,2023,Negro,Hatchback
VEH-00010,ASG-00262,KRA-8145,OKZD2XU1Y062E24Q2,FE2IY8X20OL1,Suzuki,Vitara,2016,Gris,Camioneta
VEH-00011,ASG-00459,MRH-4205,AKNMR0DL1E31LQ4Y1,3C7Y2125NUWP,Toyota,RAV4,2021,Azul,Camioneta
VEH-00012,ASG-00111,DZY-0749,058V83A7SVSKJNE1P,AX23FG9WLC3F,Ford,Explorer,2021,Azul,SUV
VEH-00013,ASG-00119,LQD-4649,21WWQCKQGXUKW3B4R,PHBS3ETLDO21,Renault,Koleos,2010,Negro,SUV
VEH-00014,ASG-00390,GRG-6638,SEFMQRP9U4LWLUCSQ,MNXEHLIGAHDI,Suzuki,Vitara,2022,Negro,Sedán
VEH-00015,ASG-00350,JET-0776,HRR5I24B95K7SVO1W,PJ1MXV6SF9KG,Kia,Picanto,2021,Gris,Camioneta
VEH-00016,ASG-00206,DKH-7750,MDZNXXK088KG3FY5G,XCWIZRR22BO5,Suzuki,S-Cross,2023,Gris,SUV
VEH-00017,ASG-00447,PDB-3797,25KYQ738G56TLAGTM,V4VSCN72K2EJ,Volkswagen,T-Cross,2015,Negro,Sedán
VEH-00018,ASG-00287,NHB-7054,4U3V6ZHM7G0VIWS7Y,36KZS1S0D4U8,Ford,Explorer,2015,Plateado,Sedán
VEH-00019,ASG-00245,DMX-8611,AA3MJM3FDZSSTNW6I,IIAUD8G6GWKD,Hyundai,Creta,2019,Gris,Sedán
VEH-00020,ASG-00457,NKF-4073,XPH5NDYA2BBT4Z7W5,UK4Q3J6N4NUA,Suzuki,Baleno,2019,Gris,Sedán
VEH-00021,ASG-00323,TUU-7981,APAM8P7SAPWDO7VZN,26KI1RXSZJVZ,Chevrolet,Aveo,2021,Gris,Sedán
VEH-00022,ASG-00128,SGH-0353,0H8U6W2LV2F6M7XYF,C00J9RC7OQS1,Kia,Sorento,2012,Plateado,SUV
VEH-00023,ASG-00166,ZAV-9251,2FX1KG0OXEUL8C9EY,S8JBZ8BBK2TE,Ford,Explorer,2014,Rojo,Camioneta
VEH-00024,ASG-00178,CKG-8003,BUGPLE4WU23AGG4YJ,EGCBV8I14IX4,Renault,Kwid,2025,Plateado,Pick-up
VEH-00025,ASG-00265,UMY-4317,MAJK1THKJVVBWLVZ7,GUPI0WETXPZ5,Renault,Kwid,2017,Negro,Camioneta
VEH-00026,ASG-00026,TQQ-1926,T7DR6CT2PB8HXBWUD,N39HL8VDHHKE,Suzuki,S-Cross,2020,Gris,Sedán
VEH-00027,ASG-00463,RJW-4736,PVLPB3TSUGLJ45KW0,7OJA7ADXKYQ1,Ford,EcoSport,2016,Azul,Sedán
VEH-00028,ASG-00082,RDF-8548,SE30G8S4YXVBOUFGB,WGRPDPYPAJY2,Mazda,CX-30,2014,Gris,SUV
VEH-00029,ASG-00472,BXU-4407,Z7ZNYW3WHV2W2YGFL,X0KYZS8NOV5M,Hyundai,Grand i10,2014,Rojo,Camioneta
VEH-00030,ASG-00202,COB-6935,L7PK3IQFC3ARJSBI5,TDSBXYXD7DI7,Renault,Logan,2015,Rojo,Camioneta
VEH-00031,ASG-00260,STJ-6180,4CG03TT0AB07M47TO,CR8BQ3FUTZ0D,Toyota,RAV4,2021,Plateado,Hatchback
VEH-00032,ASG-00091,VSW-2465,TRATP70LSW210L3BB,PEFVEOXCWD48,Mazda,CX-30,2018,Gris,Pick-up
VEH-00033,ASG-00469,LUI-8835,H4NZRGSVK3YD3CZOF,K9HP66OK1WZO,Mazda,3,2018,Plateado,Sedán
VEH-00034,ASG-00222,LNA-6355,UCYI6CNV60HNCJHI0,O93BCGN34MCK,Mazda,BT-50,2011,Azul,Camioneta
VEH-00035,ASG-00157,EHU-9790,3UP6ZDN1TMGZO94S4,I12XZZ79410Z,Mazda,2,2017,Negro,SUV
VEH-00036,ASG-00383,CUC-4975,44CAQHXFE6U83WN79,Y2RMU6Z0VPW7,Nissan,X-Trail,2014,Gris,Camioneta
VEH-00037,ASG-00088,XVZ-7475,WS9SDQ92T0GIUJ0Y6,CAYUXN099OZU,Hyundai,Grand i10,2017,Rojo,Hatchback
VEH-00038,ASG-00358,JXP-9604,KVG9LWEHUBHDY8C9T,HP0OIYESKI1G,Renault,Stepway,2017,Blanco,Camioneta
VEH-00039,ASG-00369,NZO-5257,8VULFFNVBRD4A0Z5R,QCVD37QQI4OG,Kia,Sorento,2021,Rojo,Hatchback
VEH-00040,ASG-00367,SLE-1808,E0UQJEAZG4RCXVV3K,KAD8BU87QT6C,Renault,Kwid,2019,Gris,Pick-up
VEH-00041,ASG-00016,SJG-7229,2E2LYM40CJMES79DZ,KLWJPWXEQ5HV,Renault,Kwid,2020,Azul,Hatchback
VEH-00042,ASG-00453,GKZ-0292,4321JYS0BXU6HL8US,4C20NU1YYUJ1,Hyundai,Grand i10,2013,Plateado,Hatchback
VEH-00043,ASG-00365,QMH-0414,YW0DCJX9PG9RUALQA,4BLAP8S2SYOY,Nissan,Versa,2023,Blanco,Pick-up
VEH-00044,ASG-00138,LXR-0856,PLZP4OI37YWS5GXLJ,49M7FFCHLW2Z,Renault,Duster,2014,Rojo,SUV
VEH-00045,ASG-00445,GME-6589,8V3SE6AWDXA9S51N4,3NXLGTIFFF2Z,Renault,Koleos,2017,Negro,Sedán
VEH-00046,ASG-00345,XSV-0524,7K337BPPX2RZL87GZ,I4TTP9CINLRL,Suzuki,Swift,2020,Rojo,Sedán
VEH-00047,ASG-00340,CCE-7670,2UF0YV9XWF909SFSH,L8CWNDCEQ59O,Toyota,Fortuner,2024,Gris,SUV
VEH-00048,ASG-00421,KXI-7257,RNSSQEPAYWTMR117V,0U92E07F85HK,Mazda,CX-5,2014,Azul,Hatchback
VEH-00049,ASG-00232,GIQ-6215,RFU70ZH25D3KJTZSC,W3CBRYJMKJ1Z,Toyota,Fortuner,2019,Rojo,Hatchback
VEH-00050,ASG-00423,LZC-9809,BYFLBRMAKM1YJGYCS,R4BS247N05BY,Renault,Duster,2021,Gris,SUV
VEH-00051,ASG-00418,UFO-5102,HNP3W47X9RSLEKDBP,UX5KUCPUSUB0,Ford,Bronco,2015,Blanco,SUV
VEH-00052,ASG-00474,CFT-0144,77SHJRJBA8YQT29FR,6FJ2GHNWC5YE,Suzuki,S-Cross,2025,Azul,Sedán
VEH-00053,ASG-00253,BJJ-2754,S3QMR1T4SU0159TF9,7LQ0S31LRZD3,Hyundai,Grand i10,2021,Azul,Camioneta
VEH-00054,ASG-00121,ZXX-8416,E5AC6MHZNCVOWGNH8,FRMXGZ1BZJCY,Volkswagen,Tiguan,2021,Gris,Sedán
VEH-00055,ASG-00224,RRL-5991,NRXRN6RPVN4IS1VH3,KU6MUU0F9RYS,Nissan,Frontier,2025,Azul,Pick-up
VEH-00056,ASG-00038,GTX-6126,2RS4XLWPEBAXFCFRN,UU6NE4OZWKJA,Renault,Stepway,2017,Rojo,Sedán
VEH-00057,ASG-00321,DSR-8432,GN7DPC4VAY0Y7Y81X,CL0MCNL4922F,Mazda,3,2021,Blanco,Camioneta
VEH-00058,ASG-00008,QTX-0126,25ZZEKWEFCO9L0EBS,L7SVW8X255TY,Volkswagen,Polo,2015,Rojo,SUV
VEH-00059,ASG-00105,UBW-4778,M12WH4N2WMCLYUYK7,L4IGXQJC1B2U,Chevrolet,Tracker,2024,Plateado,Sedán
VEH-00060,ASG-00342,SRS-1611,OVCJB3PNNFW4PGEMO,5EOLEJDSHYPW,Mazda,3,2019,Azul,SUV
VEH-00061,ASG-00270,WZR-8396,DZT402VB197BFZCAR,UM4NADQNUA6G,Toyota,Prado,2011,Blanco,Camioneta
VEH-00062,ASG-00405,PEL-6125,DCJ999V1G1RN6CPIQ,9TT63DPLFAAG,Kia,Cerato,2014,Rojo,Pick-up
VEH-00063,ASG-00168,VAE-4975,K1EDYIQ26HC5ZY7PP,GLCDZT3J0CUS,Chevrolet,Spark,2023,Negro,Sedán
VEH-00064,ASG-00086,UVF-1615,J74G5ND8BZERJR86H,66T4P2EW3TJG,Nissan,Kicks,2012,Blanco,Hatchback
VEH-00065,ASG-00042,END-6049,4XVPL6RR0733WPCZ2,B5CAGV4K90UY,Ford,EcoSport,2013,Gris,Camioneta
VEH-00066,ASG-00332,LNI-6700,XTJ4DO4PSIIN66K43,R781L8TVADPG,Volkswagen,Polo,2025,Rojo,SUV
VEH-00067,ASG-00221,HDK-5338,SLH0U04WOZ7HHV80M,76GXBO5QUZ4S,Mazda,BT-50,2013,Rojo,SUV
VEH-00068,ASG-00378,MKX-9466,FBNNP1I5PBS70YW1J,JD265CD2AGSQ,Kia,Sportage,2021,Azul,SUV
VEH-00069,ASG-00131,VUD-4387,6BO65OWTZ6RDRBSB9,0R2DGI3CSI7E,Volkswagen,Amarok,2021,Plateado,Sedán
VEH-00070,ASG-00448,ZBX-4104,EW6ZE13W0CEHZD41X,O3ITZBMDEM27,Nissan,Sentra,2014,Rojo,Hatchback
VEH-00071,ASG-00155,OKK-0058,V0WN0OCDETZFK84XU,NAYYYXXH6LLH,Suzuki,Baleno,2014,Blanco,Camioneta
VEH-00072,ASG-00151,OUQ-7210,CJQXF78WYKRJK0Y0L,V0A2PY9Q07KU,Suzuki,S-Cross,2025,Plateado,Hatchback
VEH-00073,ASG-00260,PWU-1282,8777LI3EPCAVUM7OV,V55COL8GURS7,Hyundai,Elantra,2015,Plateado,Hatchback
VEH-00074,ASG-00313,LSO-3399,EP4R10K53V39DK3AE,GCKR3J71NIQM,Ford,EcoSport,2010,Gris,Camioneta
VEH-00075,ASG-00268,UML-2211,MSMJBNFTCSVHKG5UV,0QE1TUPWSUNH,Suzuki,Vitara,2016,Blanco,Pick-up
VEH-00076,ASG-00127,WYZ-0501,2W8J77EHBQQWKMEU6,IPPIX22BOKP6,Suzuki,S-Cross,2012,Gris,Camioneta
VEH-00077,ASG-00014,WSC-0685,KDTAAX2IVPTHZORHN,E532FO4TH04C,Suzuki,Baleno,2025,Gris,Pick-up
VEH-00078,ASG-00245,PSO-2965,L4WN27TWAE6XQ9VML,859VPEYZ1R2H,Suzuki,Swift,2020,Gris,Camioneta
VEH-00079,ASG-00183,BEJ-1264,8FNYI63P6HPI27GV9,L5OCJDDEGBUA,Mazda,CX-5,2010,Rojo,Sedán
VEH-00080,ASG-00369,DHP-8951,46UKYEYL6TVBDZZA2,00J3241WD86X,Toyota,Prado,2019,Gris,SUV
VEH-00081,ASG-00356,AGH-8104,EK0QO60UYDMRETULY,BZZ9AKJ1FG6V,Renault,Koleos,2013,Gris,Hatchback
VEH-00082,ASG-00453,SLZ-0141,5D53YAZ7OBJGJNZTJ,4EF3SK783YI1,Kia,Picanto,2011,Blanco,Pick-up
VEH-00083,ASG-00032,YGN-3762,NDNMLCEHG4UDGC6UB,YVEIROOE4C84,Volkswagen,Tiguan,2024,Azul,Sedán
VEH-00084,ASG-00263,TCE-1989,BW0ILXJ4PEZ0FKC1S,7CAUN4YQN6ZG,Chevrolet,D-Max,2015,Plateado,Pick-up
VEH-00085,ASG-00326,SBT-5969,J76RSI9H1SG87N093,V07MS7TZ2RA1,Mazda,2,2016,Gris,SUV
VEH-00086,ASG-00336,SEE-9306,RD0ITQVLLIXZZ3AEV,AXNMYOUEHT8B,Hyundai,Creta,2023,Rojo,Hatchback
VEH-00087,ASG-00234,HBV-4995,MRAYNGF35EFWMM6NP,XIG93HA5NIJ2,Toyota,RAV4,2013,Azul,SUV
VEH-00088,ASG-00230,PNT-3135,Q1JA7FGLD4FD9GFXU,BNGP8LU3SZ1W,Renault,Duster,2025,Rojo,Sedán
VEH-00089,ASG-00397,DQV-4486,VIYDMGNLK4Q5HM11L,2B7J35HBZ7I3,Ford,Bronco,2015,Azul,Sedán
VEH-00090,ASG-00012,NIK-2622,QY92LJ89JP62FQ171,ILNH9BDB0NQ6,Toyota,RAV4,2011,Blanco,SUV
VEH-00091,ASG-00391,OGG-7206,6IM4HAX3HQEPE6RHI,O90FADC92MD6,Kia,Seltos,2018,Negro,SUV
VEH-00092,ASG-00344,BJA-9599,90KM8PM8U5B94IIC2,VWUW4ISZ5P00,Nissan,Kicks,2020,Negro,SUV
VEH-00093,ASG-00402,ALC-9977,2CP3FUQANHA6K6TT5,LHDGVJKKP0BA,Nissan,Frontier,2020,Gris,Camioneta
VEH-00094,ASG-00046,UPP-3022,VBBH30QYDYQAV7JWU,SU1OYLLXHEP5,Mazda,CX-3,2019,Plateado,Camioneta
VEH-00095,ASG-00356,FPD-0472,DL71XEINDZMQOXFTH,U6W1NC4R6RR9,Volkswagen,Tiguan,2019,Plateado,Hatchback
VEH-00096,ASG-00184,VNZ-5141,6R4NCU8KXRR96Q1X0,RFQDKX8FKPOL,Toyota,Corolla,2020,Plateado,Sedán
VEH-00097,ASG-00308,ZOV-0690,PBDK2M6T4JZX663UR,EI4X159IS1GV,Mazda,CX-3,2018,Azul,Hatchback
VEH-00098,ASG-00340,BLP-4483,UCJ0C29JVO8QPZLKT,AUAOMO7X85Z9,Hyundai,Grand i10,2012,Rojo,Pick-up
VEH-00099,ASG-00281,BTK-2873,S074UDST86CPS68N8,145D2B64M225,Suzuki,Swift,2010,Plateado,SUV
VEH-00100,ASG-00049,HAJ-8888,SOCDE0N6MYQZ2KG57,ZHTYZJIX1UDF,Nissan,Frontier,2013,Azul,Hatchback
VEH-00101,ASG-00201,NGD-5388,9K317ENWKXSQ57BPG,JA7L49O2EJ85,Mazda,BT-50,2012,Rojo,Hatchback
VEH-00102,ASG-00466,UXH-4881,2N2I43BB7BNMJWBMC,K7GO3P7ENFG3,Chevrolet,Sail,2012,Plateado,Camioneta
VEH-00103,ASG-00424,URZ-4335,B1GHKTCI9Q5BJN3Y6,K0IFPRKWWKXT,Ford,EcoSport,2011,Gris,Pick-up
VEH-00104,ASG-00091,RSI-7748,PWIWYR3RLXS1U0KOT,3792ZVND3YMZ,Mazda,3,2016,Rojo,SUV
VEH-00105,ASG-00003,XRZ-4132,NHV440ZN5O4HXBJF7,AZLP26XIBXG2,Hyundai,Santa Fe,2021,Rojo,Sedán
VEH-00106,ASG-00397,ILS-7504,7XXCXBFQA5CK7FG5C,DTYY69B8B059,Renault,Duster,2017,Rojo,Hatchback
VEH-00107,ASG-00281,IIE-4479,5TTP5AFX8ERSKJU5C,E3JL0P9EAF3E,Kia,Cerato,2022,Blanco,Hatchback
VEH-00108,ASG-00129,NLA-4386,Z0SOKNWOVPQBGAZ2H,SMS31MRZQLPZ,Ford,Bronco,2010,Azul,Hatchback
VEH-00109,ASG-00449,NKR-7206,E1XQKU4DQRQAYMUJR,EGYHHPZDF4BP,Suzuki,S-Cross,2012,Rojo,Pick-up
VEH-00110,ASG-00251,FOC-0348,K9DPTJX6DORIHU9ST,4LJ2XWQXMRKN,Nissan,March,2024,Azul,Camioneta
VEH-00111,ASG-00427,PDX-1010,5WFHEB21B9XZHGR3T,0ZPCCE1IEOKN,Chevrolet,Equinox,2023,Plateado,Pick-up
VEH-00112,ASG-00435,IOZ-5360,KPI3BK59K910SIOGO,Z6FV9T08MG9V,Hyundai,Elantra,2021,Negro,SUV
VEH-00113,ASG-00495,EXY-5483,OW8M6CBXROR8DORIB,8DFNVKDK87PD,Nissan,Kicks,2023,Azul,SUV
VEH-00114,ASG-00300,AIF-0601,XYBPNBM736Z8VAC13,LW02CA51SNOQ,Toyota,Fortuner,2013,Azul,Pick-up
VEH-00115,ASG-00293,DEV-3990,IMHI8BA4KXQ65SHU1,S7VZWX2Z2IMM,Hyundai,Creta,2018,Blanco,SUV
VEH-00116,ASG-00489,DUQ-2492,MPNZJQ6TRN73WCTDD,AYQR7SP1BAV4,Toyota,Hilux,2023,Negro,Hatchback
VEH-00117,ASG-00274,BTS-6986,6D975MGZGQCHB0IYT,N2OFIUQW6RZP,Nissan,Kicks,2011,Plateado,Pick-up
VEH-00118,ASG-00145,QNO-3602,IVWNH4LQRWZWWYE8P,TMD2FBP89S7G,Ford,Escape,2020,Rojo,Hatchback
VEH-00119,ASG-00484,PGI-1911,NBNYA2SDCEZVFDZFG,N1AAM3693O9Y,Chevrolet,Aveo,2021,Negro,Camioneta
VEH-00120,ASG-00212,VFD-3579,AE4NLP04RZGNJ2NBG,DKIS9PO1PK9D,Mazda,BT-50,2015,Negro,Pick-up
VEH-00121,ASG-00133,AZY-3417,BZEZARA8JVGM9HS2L,JLK4XI7XKSVU,Ford,EcoSport,2013,Rojo,Sedán
VEH-00122,ASG-00266,BNA-6389,O6KYGQYXNYYH9SUXW,9JOLGNJE65ND,Renault,Stepway,2010,Plateado,SUV
VEH-00123,ASG-00263,JPN-4603,SV8ZFVJ53ELHPEZCU,CJB0RRMP844G,Chevrolet,Equinox,2024,Plateado,Camioneta
VEH-00124,ASG-00408,UHH-4610,EDIKBFCU7BIHPTM54,BMD3OPHI3JTF,Nissan,March,2020,Negro,Camioneta
VEH-00125,ASG-00074,HSD-7821,DN18C3PF8VCPSPQMD,Y0HHU2OCMR8T,Ford,Ranger,2017,Azul,Camioneta
VEH-00126,ASG-00233,MYR-3969,64FBV3Y8RX23LRF4H,0J3X14SVUIML,Chevrolet,Sail,2015,Blanco,Pick-up
VEH-00127,ASG-00292,IKK-9322,H20YEWSCMNA0OCVL7,MI0F7JX5O37H,Chevrolet,Cruze,2019,Azul,Camioneta
VEH-00128,ASG-00411,IGP-7001,NBDN44PGCK0IBC8SP,FNFLAHD7FS2Y,Volkswagen,Polo,2012,Rojo,Sedán
VEH-00129,ASG-00428,ETJ-4571,OO4M7HX5DC0BZ9H0F,XW0MI4RIM6D6,Volkswagen,Amarok,2024,Blanco,SUV
VEH-00130,ASG-00451,OBL-3585,0SRF4BJGX58NU9YNR,BFZU5WMD6DPG,Volkswagen,Polo,2014,Plateado,Hatchback
VEH-00131,ASG-00038,CLH-2304,G0ENZL8IWP8MKFYBC,ED6KI6FAF05K,Chevrolet,Aveo,2015,Azul,Pick-up
VEH-00132,ASG-00287,ULE-4097,D0YH3P3DZ6Y8WB0UI,0XEEAYNUPLE7,Kia,Rio,2025,Rojo,Camioneta
VEH-00133,ASG-00336,DFV-0970,ORTCQ1DY3273IWGKW,EXF2G6RZ9S4Y,Hyundai,Tucson,2019,Azul,Sedán
VEH-00134,ASG-00254,TIS-9576,JH6GZ9JBT2AMZBGTH,BDCLPQKB3R4H,Toyota,Corolla,2025,Blanco,Sedán
VEH-00135,ASG-00408,QMW-0990,W5KP5XSZML34TDKNC,85MCMQTBM84E,Renault,Kwid,2010,Gris,Pick-up
VEH-00136,ASG-00026,DJK-5561,NW231X9BE6Q4HH13O,MHYDZ6F2N5YL,Hyundai,Santa Fe,2017,Azul,Pick-up
VEH-00137,ASG-00021,VJE-9404,0YLXXNMFUJ1CI42CS,MVSWOG0PQ3LP,Nissan,Versa,2022,Rojo,Hatchback
VEH-00138,ASG-00412,MKZ-2137,6RGBMI5SRVTMU1UQB,2XNMX2LLEO1I,Nissan,Sentra,2018,Rojo,Sedán
VEH-00139,ASG-00453,YIB-8091,7FO7YXUAPO0K3NGKP,9XTBTZAQ9B11,Nissan,Sentra,2023,Rojo,SUV
VEH-00140,ASG-00224,YOG-1074,8NSSCCR1Q1YUBKWZD,TR281YZDUL5Z,Suzuki,Baleno,2019,Rojo,Sedán
VEH-00141,ASG-00091,ZOV-3561,KPYD3CAA3EQIT3V7C,7KBSZ7YMSHOD,Ford,EcoSport,2024,Gris,Pick-up
VEH-00142,ASG-00440,FCJ-3820,20U9DPBQITWLAZG3Z,OL9588HWT6EX,Mazda,CX-30,2010,Azul,SUV
VEH-00143,ASG-00434,IFP-5834,RSMYJRSVXYNIIP3J5,5DADA2SERSLM,Hyundai,Santa Fe,2011,Azul,Sedán
VEH-00144,ASG-00481,VHQ-0139,DDEIIHJWBRHHHHMTU,8YG64NYZLOKK,Nissan,Kicks,2010,Negro,Pick-up
VEH-00145,ASG-00391,FMT-3652,XAHHJE0SCNKUZAUJJ,9CREYD6YBFN6,Chevrolet,Aveo,2015,Rojo,Sedán
VEH-00146,ASG-00424,VHM-9632,ZR0JMQX91JKSRMETQ,VRW24F1PQ7PP,Kia,Rio,2022,Azul,SUV
VEH-00147,ASG-00322,ODF-6007,77PYFF3GBKPBAX80Z,PNUVQ9LNJXEM,Hyundai,Grand i10,2017,Gris,Camioneta
VEH-00148,ASG-00193,MLW-0508,GIK3OGH1HC18G4AQU,JF4QKHA80UYL,Mazda,CX-5,2019,Blanco,Sedán
VEH-00149,ASG-00458,OHL-0759,ESHI29RB52XK5U1JP,GEQTOUJ0M8L8,Toyota,RAV4,2023,Gris,Pick-up
VEH-00150,ASG-00234,NME-8253,UHVSFNDTPI00I3ODT,VJYOLDLNDFUQ,Suzuki,Baleno,2019,Blanco,Sedán
VEH-00151,ASG-00310,OTF-6593,4DHLO758ZIJ1FT109,9LTR0ZCOGJJZ,Ford,EcoSport,2023,Plateado,Sedán
VEH-00152,ASG-00221,BQT-3758,6TNH82ZOJ02M1K0TQ,HEH1F90COJA8,Mazda,CX-5,2024,Blanco,Hatchback
VEH-00153,ASG-00333,ULW-9800,1OA408PWOV36I8UF4,VWMZ6ZLIRUKX,Toyota,Fortuner,2010,Gris,Camioneta
VEH-00154,ASG-00178,SLK-5061,5JJG4D9FS2BXR9VOK,AUTUVO9K591O,Ford,EcoSport,2025,Gris,Sedán
VEH-00155,ASG-00354,RWU-3664,W4I20B1CGXYS1TMUL,L5OPLXZDP63W,Hyundai,Grand i10,2020,Gris,SUV
VEH-00156,ASG-00232,FZR-4028,UHZHDD8DHW0LZVPAO,TU2P88CM3LOQ,Hyundai,Accent,2016,Negro,Hatchback
VEH-00157,ASG-00364,QJK-5630,HLU9TY5G848YI8B9L,9MNUU3CCZ949,Ford,Explorer,2012,Rojo,Hatchback
VEH-00158,ASG-00179,JES-8558,DFKOITT6T2N19MJ5V,EC7MLJT9CGRR,Toyota,Hilux,2022,Plateado,Sedán
VEH-00159,ASG-00107,BJM-7936,62T9S0X56JIC0VMGQ,2T5N259M3YL0,Kia,Cerato,2024,Azul,Pick-up
VEH-00160,ASG-00321,GLV-3570,7WVCDE7Y8PR0E8HA9,R2D3BNOP1KTK,Mazda,BT-50,2011,Plateado,Hatchback
VEH-00161,ASG-00310,DLP-9784,SR6WRDS3WC7Q8EHC8,UORSOIFDZU7Z,Kia,Cerato,2012,Gris,Camioneta
VEH-00162,ASG-00056,RJM-9714,CWZFK6SHNAOYSZOS7,CE9QZMGFPA8G,Chevrolet,Aveo,2010,Blanco,SUV
VEH-00163,ASG-00485,QDW-8535,JZSPMOZ3E24NPSD14,C47N4Q60CABI,Ford,EcoSport,2015,Gris,Pick-up
VEH-00164,ASG-00027,OZT-3625,TR6QH09VVJWDWZYFN,LF7VXW1FL64J,Chevrolet,Sail,2022,Plateado,Camioneta
VEH-00165,ASG-00398,YEP-0225,NCGWIEWFGXR9UAWAZ,FHVSWX5FIVFC,Nissan,X-Trail,2018,Plateado,Sedán
VEH-00166,ASG-00050,BDB-7985,XZXWSP7YNAOWWQZPB,KK18PN2JD6J8,Ford,Escape,2020,Rojo,Pick-up
VEH-00167,ASG-00345,ZFC-7910,TYX2Y95MA0R1P2HK3,WMM3QU15W9Y4,Chevrolet,Aveo,2016,Negro,Pick-up
VEH-00168,ASG-00496,YZV-2199,9YOATT1N6QHVULRTI,ZSMT5NYO3OAY,Chevrolet,Sail,2021,Plateado,Camioneta
VEH-00169,ASG-00136,HKK-7620,WVDX4T7C1169D1IYR,N2MS2298TC0I,Kia,Picanto,2014,Blanco,Camioneta
VEH-00170,ASG-00365,ZEE-0780,M47KONB1D7JKNOQ0A,RT4GRYCRDP6P,Kia,Cerato,2015,Rojo,SUV
VEH-00171,ASG-00297,PDZ-9401,8R9Z9S05PSW5GV6BQ,U03UHQ6MBQEP,Hyundai,Elantra,2022,Negro,Hatchback
VEH-00172,ASG-00251,POR-3801,0GDMMH0Z1F7LE116F,WA0X0NB5D7U4,Hyundai,Tucson,2024,Azul,Sedán
VEH-00173,ASG-00400,KXE-3991,TOY56RDS2PW9PD3DO,5YAEYAUOF5RX,Toyota,Yaris,2020,Blanco,Pick-up
VEH-00174,ASG-00066,FKM-8191,93Y5WLVKOMU6219W4,W3MC1ODOB2MQ,Nissan,March,2010,Azul,Hatchback
VEH-00175,ASG-00317,DCC-2462,K3VT54EPJJS07UVVG,Q4GF5IIS02TA,Ford,Explorer,2012,Azul,Camioneta
VEH-00176,ASG-00397,JKM-0776,N2YZSNO4XY07T7TKS,RIG38E1WRZ1S,Mazda,CX-30,2013,Gris,Camioneta
VEH-00177,ASG-00184,XNC-6475,HJ57NVBVIXZD662ZX,MDQFESO083QJ,Chevrolet,Sail,2015,Gris,Camioneta
VEH-00178,ASG-00093,DYE-5601,QSXPM25UCAKX06L08,AVPWZWSX4VP6,Suzuki,Swift,2023,Gris,Pick-up
VEH-00179,ASG-00256,REZ-1170,ZFUU9QKSQU4Z33S3R,GIIMTAR9LEVV,Hyundai,Creta,2011,Negro,Pick-up
VEH-00180,ASG-00223,ZNO-0427,52S1N0JCAN6EZRLOH,92GZ2L6YOKD6,Nissan,Frontier,2025,Negro,Hatchback
VEH-00181,ASG-00432,NBO-7163,7OF91TXAQ3JXNEV7Q,374BFH28ZLQC,Chevrolet,Aveo,2018,Blanco,Sedán
VEH-00182,ASG-00033,XDZ-1144,RRPRC1DR36XX91MHU,SMZYLL2WUM9Q,Ford,Ranger,2019,Azul,SUV
VEH-00183,ASG-00485,PRM-6146,WQRKW5FVRLJUPJOEA,1XNWC3MR7PC3,Renault,Logan,2025,Azul,Camioneta
VEH-00184,ASG-00449,CCF-4541,A6SG0ICKQD7ZGGOAC,A1K5S8OX062B,Mazda,BT-50,2023,Gris,Sedán
VEH-00185,ASG-00311,AQR-9644,IL0NG7B2NOBNARWX9,ZN4YZF5UN3NA,Mazda,3,2020,Plateado,Pick-up
VEH-00186,ASG-00413,TOT-9854,M7BHAGJFO56HUQCMW,9JNYQ8EM3WMJ,Ford,Ranger,2016,Gris,SUV
VEH-00187,ASG-00103,TGJ-6123,DSVHFAC908KC2U3L6,3TXOF9GPVJ5V,Volkswagen,Polo,2014,Negro,SUV
VEH-00188,ASG-00458,AQP-6444,JE2I5B1L2LNNJD2M0,VXKADAQFA3HO,Nissan,Frontier,2019,Blanco,SUV
VEH-00189,ASG-00266,TPR-7345,ON15024UI3X3VJ612,BK039GJD3XUB,Nissan,X-Trail,2014,Azul,SUV
VEH-00190,ASG-00438,GFV-1950,YJTOJFN9QCBWMANB0,6AHIT9H8GL2E,Kia,Sorento,2025,Gris,Hatchback
VEH-00191,ASG-00327,XMD-8863,3T6R3G1Y89QAJVGS0,EL5MRTTPKOZ7,Volkswagen,Polo,2013,Plateado,Pick-up
VEH-00192,ASG-00436,DDG-1245,AP990W11DVITOXNN1,R7LS3R3QW5DA,Toyota,Corolla,2019,Azul,Hatchback
VEH-00193,ASG-00240,DVY-0331,ULCX1J44JFS671T9C,BMZ8Q34F6NE9,Hyundai,Creta,2010,Gris,Hatchback
VEH-00194,ASG-00485,TZI-0252,F7XEH67WVM1GWQX5S,I1E3X1UGV78Y,Ford,Explorer,2011,Blanco,Camioneta
VEH-00195,ASG-00399,WCH-2788,BPNFCABBWJ9ST9REL,EHBBKH3BPDXO,Volkswagen,T-Cross,2012,Negro,Camioneta
VEH-00196,ASG-00041,JSO-7027,CAKHYRDE4YLDC4P46,4V4DUOGLHJP4,Hyundai,Accent,2018,Rojo,Sedán
VEH-00197,ASG-00222,CKC-5237,MY9E0ZO4TPHPUBYPN,A95SU02D5T6T,Suzuki,Baleno,2023,Negro,Sedán
VEH-00198,ASG-00126,FMF-7411,Z4ZF399VJCMJT79QU,53IKDNZ6LR7T,Mazda,2,2016,Gris,Sedán
VEH-00199,ASG-00090,BBM-6945,FU883U5FZ4S52KHIB,1Y739RJWNNC4,Volkswagen,Tiguan,2014,Azul,Sedán
VEH-00200,ASG-00301,KYK-5994,IGHCM9D6JGIVZKCC9,8F1EO1BLBM2Q,Toyota,Hilux,2010,Azul,Sedán
VEH-00201,ASG-00054,INV-8204,M877HK29TE6QDZPO2,IKWOC8VMEHU6,Chevrolet,Aveo,2012,Plateado,Pick-up
VEH-00202,ASG-00375,FVX-0413,FPRJM1K3STMWC01Q4,00ADJ8D7PTGI,Chevrolet,Equinox,2021,Plateado,Camioneta
VEH-00203,ASG-00402,JDD-5085,37FWJN2CWI1396ZNH,FR5SMGC9PCL3,Hyundai,Santa Fe,2020,Gris,Sedán
VEH-00204,ASG-00424,IZX-8679,7GI4NOEGKOMLCIYQN,MNZ46UPFVJ7B,Chevrolet,Equinox,2012,Gris,Camioneta
VEH-00205,ASG-00091,FUU-9518,TLW53UJ1TYY535G2T,7746S1Q0OTA6,Ford,Explorer,2019,Azul,Camioneta
VEH-00206,ASG-00488,GEW-3987,BBZNPWQY1D43X6AQX,W4ER9W1CP9SW,Chevrolet,D-Max,2012,Gris,Sedán
VEH-00207,ASG-00198,RLS-7737,BJWO7KZYLHCFL870C,TSJLQR9UC4C0,Mazda,BT-50,2024,Negro,Sedán
VEH-00208,ASG-00479,WGT-3819,TGZSMSH7QX35ZATME,PKJQGG9PA9UL,Renault,Kwid,2021,Rojo,Hatchback
VEH-00209,ASG-00441,JUL-0895,8UUUV637ASTPH0M23,VHTDZF1V066G,Renault,Duster,2016,Plateado,Sedán
VEH-00210,ASG-00469,FZO-5057,TLNPO1NL6EJKGM3PG,KHO94JC9KREQ,Toyota,Yaris,2012,Azul,Hatchback
VEH-00211,ASG-00313,CSG-0098,CLW5YY2YVCXVOPYB3,9SAK60WIT808,Volkswagen,Tiguan,2024,Gris,Pick-up
VEH-00212,ASG-00482,RHI-1270,QRYHEENQ559GE5ONR,PNO95AUNKAMY,Toyota,Prado,2018,Negro,Pick-up
VEH-00213,ASG-00352,RCT-8947,UJGAOY0AD28XEY4BG,9R29YLI8NXQ6,Suzuki,Swift,2021,Blanco,Hatchback
VEH-00214,ASG-00377,WPT-1208,W03JK3YSATH0DSHKT,NSV6366NXR8A,Kia,Rio,2012,Gris,Hatchback
VEH-00215,ASG-00413,UIV-9579,I5NZ88JABV6U0OJ5L,1AELLSQMS47Z,Kia,Seltos,2024,Plateado,Camioneta
VEH-00216,ASG-00270,PUA-7529,HY2ZJU1VWD22NQ5JL,SO8O3M0NKKK5,Hyundai,Accent,2010,Plateado,SUV
VEH-00217,ASG-00006,BYL-5317,8Z3K2KJR66LKGHAE1,TGFRGRXBN0OF,Kia,Rio,2016,Rojo,Camioneta
VEH-00218,ASG-00004,KVG-7655,J2W6JKL5JM4N4SY3M,ZDZNWKHRJG65,Kia,Picanto,2013,Negro,SUV
VEH-00219,ASG-00073,FMQ-8433,XYUMN1HJ3M48JZ9YJ,Y54FU5RIBA2K,Toyota,Corolla,2019,Rojo,Sedán
VEH-00220,ASG-00385,YZC-4479,T0C2HZIABODD3Q6ID,MMAMS1VFE5TV,Toyota,Fortuner,2016,Azul,Camioneta
VEH-00221,ASG-00301,ZGO-7776,MCA0ROUA43VUVY7GB,VPYDDLIYC2SG,Suzuki,Baleno,2019,Gris,Hatchback
VEH-00222,ASG-00098,DEW-4595,RSIAIAFXB0VMNFDEV,CV8O0Z8QZXTF,Chevrolet,Aveo,2017,Negro,Sedán
VEH-00223,ASG-00326,NHU-6844,BGWLGLCRCCMVW32I9,MA2P44KJGNBO,Hyundai,Santa Fe,2019,Plateado,Sedán
VEH-00224,ASG-00205,YTV-4106,E56NB7FLWZXASHJJX,CP7SP2A4YZ46,Mazda,2,2017,Azul,SUV
VEH-00225,ASG-00276,ENE-0544,03YTZYEPH55KBFJZT,8UZZ8W0NPJYQ,Nissan,Kicks,2023,Azul,Sedán
VEH-00226,ASG-00258,HWU-9053,JI21F44IAB2X680FX,S6O1J0ELZO1T,Hyundai,Creta,2010,Rojo,Camioneta
VEH-00227,ASG-00069,VFO-8653,C9SNY2G0L15QC77A6,WRXL5L6W5OWU,Suzuki,Vitara,2012,Azul,Hatchback
VEH-00228,ASG-00197,TRY-9822,DY2LHI48FFKYHS9BQ,D0Y3QXFPOCVH,Nissan,Kicks,2020,Gris,SUV
VEH-00229,ASG-00215,NFT-0252,Y51OMJTKM2OLN1CV9,7DNM6UXQLYEA,Chevrolet,D-Max,2012,Rojo,Camioneta
VEH-00230,ASG-00078,OXD-8473,K5WHWZCCZHMV2NG9O,6MTY0WMMLP21,Ford,Ranger,2011,Plateado,Pick-up
VEH-00231,ASG-00362,BSA-3552,PYX110AUWSPG5HKME,8PR4QCNPZORX,Hyundai,Accent,2017,Azul,Hatchback
VEH-00232,ASG-00079,SGA-4190,ZWET0JU1HZ4C80JBH,L6XNKV9T91RX,Suzuki,Baleno,2011,Blanco,Sedán
VEH-00233,ASG-00147,UOD-8459,B8ITPQVMJK153YE3G,P2BQWJ8QBQUQ,Renault,Duster,2017,Rojo,Pick-up
VEH-00234,ASG-00290,UDW-9573,M1Z0KFLNE9JY6Q22G,BYEVBKE9ZTWZ,Chevrolet,Spark,2022,Rojo,Pick-up
VEH-00235,ASG-00319,MVT-1660,EEB1IKLABHI805MFL,8N65KV3DV5ZY,Renault,Stepway,2020,Plateado,SUV
VEH-00236,ASG-00410,NKH-7497,6L3OCCFS1I4FX0AUB,LO1OBAMDO1JO,Volkswagen,Tiguan,2021,Rojo,Hatchback
VEH-00237,ASG-00395,NDJ-7657,PV6E74MXAEZMA5TH2,D8LW93NRH9UT,Chevrolet,Sail,2018,Blanco,Hatchback
VEH-00238,ASG-00216,EZB-8821,X1PLHZ9Y00TKFD4GM,NL2129OOUAZS,Chevrolet,Equinox,2024,Rojo,SUV
VEH-00239,ASG-00074,IID-9720,OZVKPIEXYDL572GEM,E853VFZ8HOCW,Suzuki,Baleno,2021,Negro,Hatchback
VEH-00240,ASG-00165,UGT-1274,2GH3HRDTBIFURKZ6R,15OHQPKM9ZL0,Chevrolet,Spark,2018,Plateado,SUV
VEH-00241,ASG-00450,ZDR-2519,3PB92G2BLF5H99N7J,Y7QIU6WMPAZ3,Chevrolet,Tracker,2016,Blanco,Hatchback
VEH-00242,ASG-00396,CTD-6141,VRYGBLJAJX6RSCKEP,5G6E6ET0LWUH,Renault,Duster,2023,Gris,SUV
VEH-00243,ASG-00293,ZTG-1855,EKRJN3LYWMCKKJD7W,27US66NBON7M,Ford,Explorer,2025,Azul,SUV
VEH-00244,ASG-00224,ZXO-6227,GFT2V4WZNIXK1X0C3,1HZGIYYJSQL7,Suzuki,Vitara,2019,Azul,Sedán
VEH-00245,ASG-00386,GGS-2193,OU5KUZ6P74ORBWU73,79116F11D16G,Chevrolet,Cruze,2015,Azul,Camioneta
VEH-00246,ASG-00223,ZBS-1816,NGXHSXUTWANMFUUX1,75HFTSTXQZIM,Chevrolet,Tracker,2013,Gris,Sedán
VEH-00247,ASG-00098,STD-2699,P1ZCXZOIH2RBQXAB4,JO2WCMQMHJHL,Mazda,2,2022,Plateado,Pick-up
VEH-00248,ASG-00080,HFJ-3063,VG8YKQICDSSDY6GSN,BJFF9CMIL2WD,Mazda,CX-3,2021,Azul,Hatchback
VEH-00249,ASG-00316,SRL-0891,FA107AAUKSDVJ09KI,GCUD5XII9JTX,Volkswagen,Gol,2013,Negro,Pick-up
VEH-00250,ASG-00343,MIT-5627,XR6Z0FXN64CBA4VU1,YOML0H5UXG0U,Chevrolet,Spark,2023,Blanco,SUV
VEH-00251,ASG-00412,OQZ-5535,5N1023O64OB8TKL4S,PTNDRM0C9G4W,Toyota,Fortuner,2018,Plateado,Pick-up
VEH-00252,ASG-00461,HOI-2576,L12CXKCW0NXXA3DXC,KDFELNUYPYLG,Chevrolet,Tracker,2011,Plateado,Camioneta
VEH-00253,ASG-00351,TXQ-7385,8RFV93CVWGA3TA2I7,8G8RLLYHN14H,Chevrolet,Tracker,2019,Blanco,Hatchback
VEH-00254,ASG-00232,NRO-1444,IFCHGYCZOACSBIO7C,JXXXAD6PWMUT,Chevrolet,Aveo,2011,Rojo,Pick-up
VEH-00255,ASG-00388,XYW-0448,7DZHLF1E1Q4J7YXKJ,MGC9RP4F2KQY,Kia,Cerato,2019,Blanco,SUV
VEH-00256,ASG-00043,WVM-6067,BVKDZA32ROKWH3OZC,H1K0PM967C7J,Kia,Rio,2020,Rojo,Hatchback
VEH-00257,ASG-00308,IXS-7874,JVV0WV073MMH2LO1Y,GIYETJMDA978,Ford,Ranger,2014,Blanco,SUV
VEH-00258,ASG-00338,SYS-9559,DCEZSJQVYEBTQNOSQ,8U98SI0W7CPQ,Kia,Sportage,2014,Azul,Camioneta
VEH-00259,ASG-00165,HXN-0620,QVCK5GGH1I1L229RW,HTHAN17RFC6K,Mazda,CX-5,2012,Plateado,SUV
VEH-00260,ASG-00195,UCP-8258,WO3FF7591SBFS3OEI,3X1BSZWI4CQ9,Volkswagen,Gol,2018,Rojo,SUV
VEH-00261,ASG-00410,XHT-1143,DQ4RI5CRSXC1CXQND,Q2PY1570WM07,Kia,Sorento,2011,Azul,Pick-up
VEH-00262,ASG-00428,ROM-6928,MPBMK1JMZHTWQ5VPL,9S3H9JN4V015,Nissan,Kicks,2013,Azul,SUV
VEH-00263,ASG-00024,JJP-5148,NTW3VQ5CATUNDMBBD,PZXOO1W47C04,Mazda,CX-3,2024,Rojo,Sedán
VEH-00264,ASG-00093,YZJ-5345,LNOH8NTQ7RF71RL73,HWFEK30BCUQP,Toyota,Prado,2024,Blanco,Pick-up
VEH-00265,ASG-00042,MAL-6409,JTSX9SCNVKB5D5XJS,BG67M402TC9J,Mazda,2,2020,Gris,Sedán
VEH-00266,ASG-00494,DAY-6474,0SU60NJWPOVYCKVQO,RFNPM501XG0V,Mazda,CX-30,2013,Plateado,Camioneta
VEH-00267,ASG-00109,CBP-2526,EI9KT9MOUIGLVC69K,7630ORBIDVP8,Hyundai,Santa Fe,2021,Gris,Pick-up
VEH-00268,ASG-00429,AIS-8326,IU5BM0D5EJJEOG03S,HZZ1N9MAIDEA,Renault,Duster,2020,Azul,Pick-up
VEH-00269,ASG-00443,WON-5777,3HCIYYR1ISX85B93R,6Q30VBUERE40,Volkswagen,Gol,2019,Plateado,Camioneta
VEH-00270,ASG-00045,TZC-4931,43WJPG2SEYBV0B3UY,JG29D8B0SNIH,Suzuki,Swift,2023,Plateado,Camioneta
VEH-00271,ASG-00112,MVZ-1653,EC6MMG3Z3LXUDRQ3U,UBNAD0AWJ0QJ,Hyundai,Santa Fe,2012,Azul,Pick-up
VEH-00272,ASG-00243,FRD-8959,RRBUXNHHPGUNVUWRO,7NZ0INJ2GH7C,Volkswagen,Polo,2023,Plateado,Camioneta
VEH-00273,ASG-00202,GRZ-6218,3R73UG0LICW288BEP,43B5LU87VC67,Mazda,CX-3,2011,Rojo,Pick-up
VEH-00274,ASG-00056,SRB-5649,F6T3AW92WTR2INVNF,JMRS2R1BRPLF,Suzuki,Jimny,2022,Plateado,Hatchback
VEH-00275,ASG-00353,PDY-6236,2ZVUENNUZ71T5JIIZ,5TV7WQ3CFSGX,Nissan,March,2021,Gris,Sedán
VEH-00276,ASG-00375,ILC-4048,2Z4Y06RKL6YXJM8IW,KVE5U0N1FH8X,Renault,Stepway,2018,Rojo,SUV
VEH-00277,ASG-00458,AYK-8211,K3F6T70HTS9LP7R98,4BIGY9EUR56D,Toyota,Corolla,2024,Blanco,Camioneta
VEH-00278,ASG-00320,LEY-5476,6KCAZ6YJFTVOLXFC9,Q6E78LGCNOCA,Volkswagen,T-Cross,2025,Rojo,SUV
VEH-00279,ASG-00238,TNH-3475,K4IMAJNL7QPR4Y644,MNKXJI4SOK7A,Suzuki,Vitara,2013,Blanco,SUV
VEH-00280,ASG-00463,SOF-1607,8ITI43RGE6RPVIGCI,3JZHZY2XAU9X,Nissan,Sentra,2013,Azul,Camioneta
VEH-00281,ASG-00370,QRX-2096,LE55UZBO6GYL0AJAJ,A21HTT85FQUV,Hyundai,Grand i10,2023,Rojo,Hatchback
VEH-00282,ASG-00498,NLT-1933,M3GFQKZDUMP3QXGV1,UUAAKV4H9V8C,Renault,Stepway,2016,Negro,Hatchback
VEH-00283,ASG-00028,OEB-4767,UMQ7DYXUX9LEWUVTG,FGR6PLDDGFQ4,Suzuki,Baleno,2022,Rojo,Pick-up
VEH-00284,ASG-00168,FAI-2324,4IEWGJ3YB5ZVFHGOG,KU4QLV6LOIJM,Renault,Kwid,2012,Negro,Hatchback
VEH-00285,ASG-00295,YFL-1394,CGIINEOV51N7ZDUM4,HXUR2BC3QJIA,Chevrolet,Sail,2022,Blanco,Pick-up
VEH-00286,ASG-00237,RHE-4972,PWBFBCT0I348MOTLY,D59G4EQB8RNJ,Toyota,Yaris,2025,Blanco,Hatchback
VEH-00287,ASG-00319,YXZ-2189,OVE10877ODU0HFW5Q,9RTHEUFYN739,Chevrolet,Spark,2017,Rojo,Pick-up
VEH-00288,ASG-00460,ZDT-1113,CM1OVDVSP2XMBRR81,QFAPWHZGZXKJ,Mazda,CX-3,2014,Plateado,Pick-up
VEH-00289,ASG-00404,JDA-9622,3VR7HIELMWBMMOL0W,9RJMJMSVJI0Q,Mazda,CX-30,2016,Blanco,Hatchback
VEH-00290,ASG-00296,MNZ-6734,JY34SM1R7KU7MG42F,9FDQZCW7PRQB,Mazda,3,2013,Gris,Sedán
VEH-00291,ASG-00240,KMC-7929,1DXJKLN59BZ1Q1P84,42OKO707YOZE,Suzuki,S-Cross,2023,Azul,Pick-up
VEH-00292,ASG-00352,FEB-3016,3NGRPL36UVRV8UUH6,ETUP0O2D77D4,Nissan,Versa,2010,Blanco,Sedán
VEH-00293,ASG-00165,ETD-8102,ZRBS61M9EP6HDGJT4,836SHXWYUC7H,Hyundai,Elantra,2016,Rojo,Hatchback
VEH-00294,ASG-00202,HEW-4301,0BG7VWMAYZ7A6T7ZH,CP9R2GE2N0E7,Hyundai,Tucson,2022,Blanco,Pick-up
VEH-00295,ASG-00164,XJE-9092,YG3OP9EJINYUU5WJZ,PQNUE0QK3RHG,Renault,Duster,2024,Negro,SUV
VEH-00296,ASG-00311,BMR-2080,XLO92VS535HQ8LCSB,54MAUW96GLDB,Kia,Sportage,2024,Azul,Pick-up
VEH-00297,ASG-00339,EHE-2297,JO7M8FQ0T53MHCJ3O,L7UDQOMZE79X,Ford,Ranger,2017,Blanco,Camioneta
VEH-00298,ASG-00384,GUC-8651,WUUMETGXUG5UA19XH,FR7N0N7PFCZM,Chevrolet,Equinox,2012,Gris,Pick-up
VEH-00299,ASG-00332,HUE-4627,CKI7FEQCZZAATV8OU,VXVMGQMCKZ5X,Hyundai,Creta,2014,Gris,SUV
VEH-00300,ASG-00483,LJW-8080,PMI3A8KEM9ODNXXUD,0JX41B84GLSR,Hyundai,Grand i10,2023,Negro,Hatchback
VEH-00301,ASG-00353,BKQ-2091,4JIJE5RE51KULM3NY,1FSGCY9OBKWI,Suzuki,Vitara,2024,Rojo,Hatchback
VEH-00302,ASG-00323,VIM-8722,8OJJ5RDPJ00SXDPFM,OX2PU9T77VKM,Ford,Ranger,2014,Gris,Camioneta
VEH-00303,ASG-00426,EXX-0204,789WTNFCVRETHW9WD,KQQ99M1RTKPM,Nissan,Kicks,2017,Plateado,Hatchback
VEH-00304,ASG-00350,GCY-7948,YUION5RSX9IUR89A5,DKQL9IXKRFR5,Mazda,2,2018,Rojo,Pick-up
VEH-00305,ASG-00250,HGV-1916,D4FG41AKYB6KT49H0,NCY4ZR5QE2A5,Chevrolet,Spark,2013,Blanco,Pick-up
VEH-00306,ASG-00016,MLC-4534,H4KLV5MGT5SEHTJI6,T095MVU6UDBU,Kia,Picanto,2013,Blanco,Camioneta
VEH-00307,ASG-00364,ASV-0775,KMQ8G2C35ZUTBMVM7,Q7AEG9SXBIM4,Mazda,3,2010,Blanco,Pick-up
VEH-00308,ASG-00347,UOV-3362,QJ3EIRN6BH1AWBSKG,P5MSMBAUN76N,Toyota,RAV4,2025,Blanco,Camioneta
VEH-00309,ASG-00320,CES-0217,QU0YOCRRVAU6VY0XX,BD5TTNLXNPGG,Ford,Escape,2013,Negro,Sedán
VEH-00310,ASG-00186,BPN-9514,LS7VWJG8WF9Z7SG4M,YC8VMFB0BUAX,Toyota,Yaris,2018,Gris,Camioneta
VEH-00311,ASG-00011,CFE-8383,AJ6V6T2QONNKZLXI1,FCIW1PJZBRED,Mazda,BT-50,2018,Negro,Pick-up
VEH-00312,ASG-00013,WMH-1664,K4EQP23S3JHHWLUNK,U3E448F73UER,Kia,Seltos,2012,Rojo,SUV
VEH-00313,ASG-00202,GAO-3189,LGE7U2DSW1N97DZQD,AQ4EEG72JUZB,Toyota,Yaris,2011,Azul,Pick-up
VEH-00314,ASG-00431,BPE-5566,TGVZ2RENXSOZMIWGH,1GNQ9YOW83PD,Volkswagen,T-Cross,2013,Plateado,Camioneta
VEH-00315,ASG-00067,MAA-7061,JHPPVU5GCHNYE7MTE,QN9ZTWH4O0H3,Chevrolet,Spark,2011,Negro,Hatchback
VEH-00316,ASG-00140,XNG-3404,HRBU0WBENO8UE9Z35,7MCM48HKN1K2,Mazda,CX-5,2015,Blanco,Camioneta
VEH-00317,ASG-00375,FSY-1213,25FBITGBNVC4JRN6W,UEK5O0LXHSA5,Ford,Explorer,2014,Blanco,Hatchback
VEH-00318,ASG-00224,TFU-6234,8DZBD71O6ZXQ4G0LU,0SNI3EB2MEAC,Toyota,Hilux,2023,Azul,Sedán
VEH-00319,ASG-00037,DIG-6778,5P1MUNHWD953FS8EX,CHYUFW8QQEUW,Volkswagen,Gol,2019,Azul,Pick-up
VEH-00320,ASG-00439,SAC-0899,WGCL22FTRGFKAG639,27D1P2CZ00C6,Renault,Stepway,2023,Plateado,Camioneta
VEH-00321,ASG-00021,YOD-5389,X368BSQBPDJL5KRP4,HSLCPZCQ2CAJ,Suzuki,Baleno,2021,Gris,Pick-up
VEH-00322,ASG-00287,XMH-2378,YQL8A8HJWZY3M1BMN,1LU0TK2ALAKF,Toyota,Fortuner,2010,Negro,Pick-up
VEH-00323,ASG-00130,BZG-9422,LSIUXM0S8B8836Q2F,SGWY3ZJWOWFN,Nissan,Versa,2015,Plateado,SUV
VEH-00324,ASG-00396,HCK-5667,U211KJMGOUE4UV2XU,LU9UTK8PKGS4,Suzuki,Vitara,2013,Blanco,Hatchback
VEH-00325,ASG-00352,ZCL-1200,EYJ0SSCDIERIWPGFP,YGZF12KUTHPJ,Mazda,BT-50,2015,Negro,Pick-up
VEH-00326,ASG-00303,EHF-6004,BF04OYL9LCV9JLZWV,ZRR5Y4J4XKJX,Mazda,BT-50,2020,Azul,SUV
VEH-00327,ASG-00229,SMY-6105,OL94C3Y5CJBJ7MKT2,WO3W7N6CJ820,Hyundai,Grand i10,2021,Negro,Sedán
VEH-00328,ASG-00210,WLB-4396,DPG1ITI6RDGGOO23P,YQA6H5E4JBEZ,Ford,EcoSport,2012,Blanco,SUV
VEH-00329,ASG-00231,MCX-2029,X49DH6HJZGKC4FNZ7,54JAR8RO079Y,Renault,Koleos,2015,Blanco,SUV
VEH-00330,ASG-00147,PTE-8099,SZ27K3G6N80TGNZAO,RNFIJACYPRK5,Ford,Bronco,2015,Rojo,Sedán
VEH-00331,ASG-00441,ANG-9174,ZMB1NMX9TCMD0YC66,8RDHU9FASF8F,Mazda,BT-50,2017,Plateado,Camioneta
VEH-00332,ASG-00247,JDF-4724,RTQB3VL9PZHHIQ14T,X8LABYEJBXB0,Renault,Stepway,2019,Plateado,Hatchback
VEH-00333,ASG-00024,YQN-1376,UMHS3O894DL0F48C5,Z9BSN3XRLP9W,Mazda,BT-50,2018,Negro,Hatchback
VEH-00334,ASG-00180,MKB-6865,VLMRRVDWZEKIH0Q25,8RSJ0O4PNEWJ,Hyundai,Santa Fe,2016,Rojo,Sedán
VEH-00335,ASG-00432,MNF-8777,4M46QWK7QJLK5WCX7,JAIH9TXM4KCJ,Renault,Logan,2025,Gris,Pick-up
VEH-00336,ASG-00201,XXG-1569,E31GZ3GIBEBZ18MLH,VIFP0CEU2VUV,Ford,Explorer,2022,Azul,Pick-up
VEH-00337,ASG-00339,MBY-2067,LGAIQX5D794PW06XD,PZ61F1BTGJ7T,Mazda,BT-50,2010,Rojo,Hatchback
VEH-00338,ASG-00423,NDA-3979,03T5E7RQUPX0L1ZA9,5JM8O3GF2HVX,Renault,Stepway,2018,Negro,Camioneta
VEH-00339,ASG-00174,JON-4822,48U3MW7FN7O37ONMB,HI6G110NAX7D,Mazda,BT-50,2010,Gris,Hatchback
VEH-00340,ASG-00378,TNC-0172,TX6CI4TBGY9Y6PXFE,MT434BGH81PI,Ford,Ranger,2014,Plateado,Pick-up
VEH-00341,ASG-00342,NDS-6713,OP9NJUGC96A8YL7JX,034K6RVT972Z,Nissan,Frontier,2015,Rojo,Hatchback
VEH-00342,ASG-00033,IMD-9775,CQT6OZB68NMNSI333,AZCBAHIB2CWF,Chevrolet,D-Max,2024,Blanco,SUV
VEH-00343,ASG-00322,HNC-4913,VZ6VMC3P86GITKOXL,CU8FD1AKSQH4,Mazda,CX-3,2022,Gris,Pick-up
VEH-00344,ASG-00260,SDQ-0552,B4GOTN9L6774LP4N5,Y41EMAV4TX0Z,Volkswagen,Gol,2020,Blanco,Camioneta
VEH-00345,ASG-00016,RXQ-3453,X064EP51GQIZ9XH65,P7ACEAGI9CFV,Renault,Stepway,2022,Gris,Sedán
VEH-00346,ASG-00438,AVL-0625,UXERDPGG987DWL8RO,TGCYIFBEAHX8,Nissan,X-Trail,2020,Gris,Camioneta
VEH-00347,ASG-00474,UHA-0515,C9P5FY0W0144D60AG,1VPI01K22H8R,Nissan,March,2012,Azul,Pick-up
VEH-00348,ASG-00334,DBK-6896,JZUWWA8RAVKK56MFC,C6S5KIIH7C3I,Volkswagen,Amarok,2020,Rojo,Sedán
VEH-00349,ASG-00445,ODO-5970,J32L6Q3JFLCXTYW1J,C3OBNFYLD0A2,Toyota,Fortuner,2022,Blanco,Camioneta
VEH-00350,ASG-00325,DPF-2456,JQ180QP90H9Q3TU0R,F9J8W9VCF267,Suzuki,Jimny,2018,Negro,SUV
VEH-00351,ASG-00460,AXK-5663,MNZFPCSZ9XBOL8T8V,1FOR3GJGE0V2,Hyundai,Accent,2018,Azul,Sedán
VEH-00352,ASG-00062,TKK-3344,QGRAAXI42R45GN0XS,NAXMULD6LDBC,Mazda,2,2023,Negro,Camioneta
VEH-00353,ASG-00061,LNY-4278,VOZEM3VIA704MIZAZ,ICYXW3VR35Z0,Nissan,March,2022,Negro,Hatchback
VEH-00354,ASG-00218,SPM-0787,8EPCZHL56YVFOP1TZ,N14YDFPSQ80Y,Kia,Rio,2019,Plateado,Sedán
VEH-00355,ASG-00250,JGS-8840,KN97T74N3XLVNEN6V,HIB4F0D54UEB,Toyota,RAV4,2019,Plateado,Hatchback
VEH-00356,ASG-00454,KXR-2154,GNL2UKQC6YD7FGM1B,KTF6RCBVV1UH,Volkswagen,Gol,2018,Rojo,Pick-up
VEH-00357,ASG-00444,IZR-6390,XB4DVM42E0MJZ5UO0,VO7DLO4KYS4Q,Suzuki,Baleno,2021,Blanco,Camioneta
VEH-00358,ASG-00484,CAZ-6750,GT1MXGZDEMW2EJKCI,5CJUI8L7WQAM,Toyota,RAV4,2012,Gris,Sedán
VEH-00359,ASG-00147,ASA-8914,SVILMDMFD4IQUM0OR,QVJYDVUE65TG,Chevrolet,Tracker,2019,Plateado,Camioneta
VEH-00360,ASG-00186,MPJ-2270,1LJKV28EEBKKOXXN3,Z49TO7OS3MOR,Kia,Seltos,2020,Gris,Pick-up
VEH-00361,ASG-00106,YUG-5965,KITRVI3AEBCEJDROX,8IK4GJF0X6HD,Chevrolet,Cruze,2025,Azul,SUV
VEH-00362,ASG-00470,DIY-9082,CJ5RR55HYBK27J2J1,KCJAEFVIMCUB,Renault,Kwid,2015,Plateado,SUV
VEH-00363,ASG-00056,IDW-9537,Z5OIOZ7HQB5BW23ON,FMJQTE81619D,Toyota,Yaris,2013,Blanco,Sedán
VEH-00364,ASG-00429,TAG-9319,Z87RK50M2NWZLDZEA,A8C296QKPM7O,Mazda,CX-5,2012,Plateado,Camioneta
VEH-00365,ASG-00172,DEG-2671,K89D6439WYLANRK5F,GX4WLJRR4M11,Nissan,Versa,2021,Rojo,Camioneta
VEH-00366,ASG-00110,LFE-1502,TSG8VI18AR6AYH8U7,K1OJL2EB9RX6,Volkswagen,Tiguan,2021,Rojo,Hatchback
VEH-00367,ASG-00088,MHR-6833,58ABBF6P89KYWUK8E,TN6N0QEXPB02,Renault,Koleos,2016,Blanco,Sedán
VEH-00368,ASG-00435,ZED-7724,IERSPI67NS2AL1FSH,2FK470XIZRJL,Hyundai,Grand i10,2023,Negro,Camioneta
VEH-00369,ASG-00283,BDH-9939,1D0MU5EWL0SVR095N,7QWJLDVC03P6,Hyundai,Tucson,2015,Gris,Pick-up
VEH-00370,ASG-00258,REN-7823,A69SG1NBO4RUDNPRD,KAP8BAC74JYP,Suzuki,Swift,2011,Negro,Hatchback
VEH-00371,ASG-00038,RKG-5301,Z35A041XTWBMFZYXC,Y2I5Z0B8441W,Chevrolet,Spark,2024,Negro,SUV
VEH-00372,ASG-00014,JMS-8440,J14CQEZHC4SU4A3R2,65O6HZ43S3R8,Kia,Picanto,2017,Gris,SUV
VEH-00373,ASG-00340,MAU-4268,HSORS6ND142KYGKEG,REX65U3J1EIT,Ford,EcoSport,2020,Negro,Hatchback
VEH-00374,ASG-00295,OPA-5489,JQTPF3UKCTR7UMYDI,MOFU0DLMQT2Y,Chevrolet,Spark,2016,Negro,Camioneta
VEH-00375,ASG-00189,CZC-9066,S2BAX5UIWH3I1XWJ6,U2YXKTBPI6ZT,Toyota,Prado,2020,Rojo,Sedán
VEH-00376,ASG-00004,XTC-4989,BYJBIARP0TVZMRLO8,6JF43AIUJPYG,Mazda,CX-5,2025,Plateado,Hatchback
VEH-00377,ASG-00401,YKX-5767,GLBGSVC1KBCX4QNTL,BCHP7TP5KP7Y,Toyota,RAV4,2014,Azul,Sedán
VEH-00378,ASG-00163,FYF-9308,3UCX0AYT65OODAHY0,S9WK63ANUOTP,Nissan,Versa,2022,Blanco,Camioneta
VEH-00379,ASG-00409,YWJ-1803,6KG8VWN0LQWK5S5V1,AC4BKH6GWG2T,Suzuki,Baleno,2020,Plateado,Hatchback
VEH-00380,ASG-00024,QPY-2307,ISANVXGAJ3VOY21X9,D9Q9VCDIM8ZL,Kia,Sportage,2024,Rojo,Sedán
VEH-00381,ASG-00004,PSS-1800,ONHPSKFRIW2XX8FYA,V7177AGOULTV,Mazda,3,2020,Blanco,Sedán
VEH-00382,ASG-00346,WFO-1811,965MF645807RAKTS9,EXBMW17VP8LZ,Renault,Koleos,2010,Rojo,Hatchback
VEH-00383,ASG-00109,MRX-1473,8U1XMK8GH5CJ1KK5R,E48SMOHM8320,Ford,Explorer,2021,Azul,Sedán
VEH-00384,ASG-00397,BCU-7629,532FI7P2ZJS5L5PZD,5UFXQY5R1A38,Nissan,Versa,2025,Plateado,Sedán
VEH-00385,ASG-00374,NTO-0431,7OOQNAT0ZZPC579KZ,QRXKW998SYE3,Renault,Koleos,2021,Azul,Sedán
VEH-00386,ASG-00488,QMG-0462,FSKIWS7WSQ100XRIJ,6O3IIOK05VMC,Nissan,Kicks,2016,Gris,Sedán
VEH-00387,ASG-00342,LCG-6686,G5H85VTUVR2UB6Z4T,M8E2Z1OI3Z8A,Hyundai,Elantra,2025,Gris,SUV
VEH-00388,ASG-00323,TCZ-0482,3IBPLTTGC5L1ECBTF,O95RNXET3XJ0,Mazda,2,2023,Gris,Sedán
VEH-00389,ASG-00100,KZO-1225,7M5R9K60XOAGP4SCL,NZ09MQEPSA6M,Mazda,3,2023,Negro,Sedán
VEH-00390,ASG-00370,PNI-7315,745P1BTO1DNQAYVLG,W8T5HIJB6Y12,Mazda,2,2015,Gris,Hatchback
VEH-00391,ASG-00364,KQF-6662,ZNO1WDSOE5VXQT95L,FFSXJY846O9W,Suzuki,Jimny,2013,Gris,Camioneta
VEH-00392,ASG-00018,HHY-3467,O3N3DGD7XGUTSGRNY,N95TCMUSLCI7,Ford,Bronco,2012,Rojo,SUV
VEH-00393,ASG-00232,JZE-6701,U8BGK13WG7OI0WQC5,59K6I8XWJXAG,Renault,Kwid,2021,Negro,Camioneta
VEH-00394,ASG-00038,GXO-4188,VCRJGBQBGHO9CZ4VH,IISDD1FI80GQ,Renault,Stepway,2010,Negro,SUV
VEH-00395,ASG-00138,HBW-6619,BQ4A3YTQRWTOGZBGF,2VDEUGAYP3AZ,Hyundai,Tucson,2022,Rojo,Hatchback
VEH-00396,ASG-00138,LVQ-2882,RBPLRY2GWQZDGN2E5,7QJMNXRX17K9,Ford,Bronco,2012,Rojo,SUV
VEH-00397,ASG-00437,FXM-8580,QKQF42HOK4AMC711E,IHIDRAR64A1J,Suzuki,Swift,2017,Plateado,Pick-up
VEH-00398,ASG-00097,FMX-7597,58AU2EMEEQK8Z0YHJ,VSK5B9EVAFDJ,Chevrolet,Equinox,2022,Rojo,Camioneta
VEH-00399,ASG-00376,MYH-3708,L162NYZR74CXCCVJ9,LVAZP3CIHGMG,Nissan,Frontier,2023,Blanco,Sedán
VEH-00400,ASG-00494,NVI-3388,OYBWWLL6EVSJPDU5U,SKEHU4QNBZNF,Ford,Explorer,2025,Rojo,Sedán
VEH-00401,ASG-00436,HEK-1598,5HH541QMFIUVBCRMR,PNOEM6P8WUK9,Nissan,X-Trail,2012,Azul,Pick-up
VEH-00402,ASG-00182,DRQ-9603,24J5AS9AC4LM1FIYK,CS88UISV7JY3,Ford,Explorer,2024,Gris,SUV
VEH-00403,ASG-00218,QSX-2477,H1MS9LTTSW5HPLJ1F,0SHEHZY9UVW1,Renault,Koleos,2023,Plateado,Hatchback
VEH-00404,ASG-00337,EXP-2731,EZV72OSO1IR0MR15Q,U35RALLIAOYP,Renault,Duster,2011,Blanco,Hatchback
VEH-00405,ASG-00132,WRF-3585,2EVBTUWJ8S98ZR6A8,CUAHSYCBZJEY,Toyota,RAV4,2012,Blanco,Camioneta
VEH-00406,ASG-00319,MOX-0914,ELM1MC30MASRUMEBE,1WPVLY7YP6CK,Kia,Rio,2020,Gris,Camioneta
VEH-00407,ASG-00500,YYT-6095,GOTRF6E5T9W2HEMLS,AATKFFWKGNH9,Kia,Picanto,2022,Blanco,Hatchback
VEH-00408,ASG-00207,WJO-2291,QBJ53Q885QDJAJYG8,2WNBTAOFE52O,Hyundai,Accent,2022,Negro,Sedán
VEH-00409,ASG-00179,SMD-4351,QJHCB78ZNVUFJOSH2,R5VETCTPGBNF,Chevrolet,Spark,2018,Azul,Camioneta
VEH-00410,ASG-00393,ZVM-4935,BF9TW15M5B1YMBZ8V,M91UL36EXOV6,Toyota,RAV4,2010,Rojo,Camioneta
VEH-00411,ASG-00280,OWO-8705,P2PX67D7B0FROZ9J0,1T6Y7FLLXQ9K,Toyota,Corolla,2015,Gris,Hatchback
VEH-00412,ASG-00014,LTZ-7386,XTHZ7J1QO4GM4P7VH,92RNGLY45ZDS,Suzuki,Swift,2023,Blanco,Camioneta
VEH-00413,ASG-00096,EXA-3479,NXPTG05TEFVNGPH43,8UBYM2V5B566,Volkswagen,T-Cross,2011,Gris,Pick-up
VEH-00414,ASG-00425,IBK-1898,3KTA2RK9BH22VUOA3,RIMGZCUUO7DI,Toyota,Hilux,2017,Plateado,SUV
VEH-00415,ASG-00456,HCO-0014,BI0H9YKOQQ7SEWPJO,86KFZZX8VR4X,Chevrolet,Spark,2019,Azul,SUV
VEH-00416,ASG-00044,EUF-0496,ROCPDRDNW0Q9Q654M,CLSA1XWPLGIJ,Mazda,CX-5,2014,Negro,Hatchback
VEH-00417,ASG-00459,KEC-8262,PI28NHK3CTONW7S7T,KLJ719I1CLT2,Mazda,CX-5,2023,Gris,SUV
VEH-00418,ASG-00188,XTY-7481,08IOOVAEKKG0QVJVC,5Q92KKZVHV1U,Nissan,Sentra,2024,Blanco,Hatchback
VEH-00419,ASG-00036,HNU-4392,K76PFJVGYIATBHN7I,9N8L8491N9ZZ,Toyota,Yaris,2024,Blanco,Camioneta
VEH-00420,ASG-00400,LGJ-3369,DXQ37MR729PDKIB06,WLF9RHZSU4IZ,Suzuki,S-Cross,2011,Azul,Camioneta
VEH-00421,ASG-00264,TNS-3490,Z89IDVQFI1R6PFEL6,XA11WIIOH6L5,Toyota,Yaris,2015,Blanco,Camioneta
VEH-00422,ASG-00014,SZM-1113,IH0BDW4J8YLZVEJ9Y,8NDEK8LBOI4V,Kia,Seltos,2024,Blanco,Pick-up
VEH-00423,ASG-00069,RSO-5140,CWG1QM1J0X5A9RCWE,N33HHRLCA3TD,Ford,Escape,2019,Blanco,Pick-up
VEH-00424,ASG-00404,CWB-6379,0WYZE8B4B523QELZR,0B6H8AGIF0DP,Renault,Koleos,2013,Blanco,Sedán
VEH-00425,ASG-00160,SWM-5455,6Q6LABVEEUJ09T1J4,J9RLAR3B2X13,Kia,Sorento,2011,Plateado,Camioneta
VEH-00426,ASG-00223,YCR-2780,J2HI8NX2HY54NCK0A,IJX36A1I1C0W,Volkswagen,Polo,2018,Plateado,Sedán
VEH-00427,ASG-00154,RTV-9792,APN8GZMEJDGR0XKG7,3QMLHCJZLOZX,Toyota,Hilux,2021,Azul,SUV
VEH-00428,ASG-00271,IEL-9222,1TK1UFK97NWISK5NO,T43XTWWU9T0L,Mazda,CX-30,2014,Gris,Hatchback
VEH-00429,ASG-00303,ANW-8179,4DFLH8NGU2MPNSPNI,GVBOO8JFQ8RI,Hyundai,Santa Fe,2012,Azul,Hatchback
VEH-00430,ASG-00295,QIF-3243,AMYFAROZFGQ5PB0A7,6PNYKT03SH22,Volkswagen,Amarok,2022,Azul,Pick-up
VEH-00431,ASG-00264,RQG-1240,KUG4IQM7UM07MX1KF,2CUO8PADOSDD,Renault,Koleos,2020,Blanco,Pick-up
VEH-00432,ASG-00020,ZLF-8924,IP1OKMFVCT1L4Z65O,T3CRUPZBD51M,Volkswagen,Tiguan,2021,Plateado,Pick-up
VEH-00433,ASG-00482,RYZ-7314,KT6LAX9EK925H5XGJ,IHUWJ44ZEYXG,Nissan,Frontier,2024,Rojo,Hatchback
VEH-00434,ASG-00379,SRE-5143,H1CGXFEB0917ZCULD,4L705WNP7GHI,Toyota,Corolla,2012,Rojo,SUV
VEH-00435,ASG-00074,IMI-4116,PGJORF7OYX8SM9VS0,RIDXI7Z2Q5H1,Mazda,CX-30,2014,Rojo,Camioneta
VEH-00436,ASG-00228,FZH-0704,PS9Q1XFV1XBTY6C2Y,8I7COH9TZE0U,Chevrolet,Spark,2020,Gris,SUV
VEH-00437,ASG-00164,SEV-6835,19MJQA05PQ7CJZH7U,MA2BBAEHA7ZE,Ford,Explorer,2019,Blanco,Pick-up
VEH-00438,ASG-00242,VON-2468,5A8CN0BV8NQ35HKST,K77C167E7RP1,Volkswagen,Tiguan,2012,Azul,Hatchback
VEH-00439,ASG-00458,TZS-5941,FZV57YDS99F273J1P,K5JAKDSB5861,Mazda,CX-3,2015,Rojo,Hatchback
VEH-00440,ASG-00402,OLX-6305,ENWATE5P7PVJRLZ24,KRAYPNE4TPXR,Ford,Ranger,2017,Plateado,Hatchback
VEH-00441,ASG-00214,PHQ-3763,YJRSVK4SPUOJSV8OS,OR9LWSA27DH1,Renault,Kwid,2013,Rojo,Sedán
VEH-00442,ASG-00159,OPE-7673,5P5YJRMJW0Z0YZYKA,NTEV4EZSEOLV,Suzuki,S-Cross,2014,Negro,Sedán
VEH-00443,ASG-00272,TNH-8523,1J8MUHEUMSFWG6SHZ,GY8KVF99XYUH,Renault,Stepway,2015,Gris,Sedán
VEH-00444,ASG-00449,JNG-0577,Q6N7ZB8CHUYZRW36U,MO2JUC5AQTXP,Chevrolet,Spark,2021,Negro,SUV
VEH-00445,ASG-00168,LAY-9799,X1F6KY5W1Y46JI2AM,EVTCIK25PZAZ,Hyundai,Grand i10,2019,Rojo,Camioneta
VEH-00446,ASG-00082,WNC-1082,NMTLM7KGDUCY33OUF,J9ARNOIMBWGB,Volkswagen,T-Cross,2013,Azul,Hatchback
VEH-00447,ASG-00489,VYW-5891,HGGZIV6EMU6W80TNC,TF8U8PDT8UYY,Suzuki,Swift,2018,Plateado,Sedán
VEH-00448,ASG-00359,DJI-8795,A2U2HKJSOPVMFXQZM,RQOJ33RTC0K6,Kia,Sportage,2018,Azul,Pick-up
VEH-00449,ASG-00302,TQM-1468,RBZFI124VB9RU9QPF,IK3DE3ZECF90,Chevrolet,Spark,2019,Blanco,Sedán
VEH-00450,ASG-00299,OME-2434,8P572BDENLN97QB4E,IP2YDDBKZDII,Ford,Bronco,2014,Rojo,Hatchback
VEH-00451,ASG-00174,BCZ-1522,EHL3IUYLT2N1VN23F,JGGJ40KYGB2K,Hyundai,Elantra,2020,Azul,Hatchback
VEH-00452,ASG-00213,IJW-5231,CTWXS2OR0MMMKKPEA,9D88KN458P3S,Chevrolet,Cruze,2010,Rojo,Sedán
VEH-00453,ASG-00149,TAG-6700,0IG3SDBYLRPZ3JS60,SE9657SFJ73G,Ford,Escape,2015,Rojo,Hatchback
VEH-00454,ASG-00020,TDW-9876,I8ZWE10LQPDCASDTV,JVN7OOCZVY8E,Renault,Duster,2019,Rojo,Pick-up
VEH-00455,ASG-00134,FOC-6313,WE4QHDK5N71YXAX01,YUDGNWMNTN3N,Chevrolet,Spark,2021,Blanco,Camioneta
VEH-00456,ASG-00070,WZL-6660,S79TD2C733K4LDW5Z,YZASSC7X37C0,Hyundai,Grand i10,2017,Blanco,Camioneta
VEH-00457,ASG-00008,MAU-5246,OGXHI63IY9ST3RFAB,XDC4KLJP4PWR,Suzuki,Vitara,2022,Plateado,Hatchback
VEH-00458,ASG-00147,YFO-7580,YUOZ4EXFDNIFCSQEY,V7NMT4JCR7CN,Suzuki,Swift,2019,Plateado,Sedán
VEH-00459,ASG-00382,ONK-2265,4RFF01SC8M4WG0VEU,CAZ9Z1QV5RYM,Ford,EcoSport,2016,Gris,Sedán
VEH-00460,ASG-00376,BDV-7630,2U9XJQ9G1VDOL5PEN,S4MFVY9RISBX,Hyundai,Grand i10,2015,Rojo,Hatchback
VEH-00461,ASG-00095,UFH-2785,72F6W326INPDVVNXS,3JRK1EF0HLH6,Ford,Ranger,2024,Rojo,Camioneta
VEH-00462,ASG-00340,AOJ-3148,1FX9KCOU1NQNUG32D,BGZRGE3JA1RD,Suzuki,Vitara,2018,Blanco,SUV
VEH-00463,ASG-00260,IKQ-0573,CP9QK7A5E40AM0I14,5H5EO2AZEMVP,Mazda,2,2015,Rojo,Sedán
VEH-00464,ASG-00380,LPN-5531,W0J806DZ94GPBQ534,86JGMZJQKNBI,Toyota,Corolla,2022,Gris,Pick-up
VEH-00465,ASG-00351,WPZ-3848,0475AXRZT4ICOIP99,ZRQ7UOPL30EE,Renault,Duster,2017,Rojo,Pick-up
VEH-00466,ASG-00227,ZFH-6935,Y0GKOJDP1WLCPQUMO,00RYILT6RPXF,Mazda,BT-50,2012,Plateado,Hatchback
VEH-00467,ASG-00410,AVE-9124,NL2TXNNLDYVBEU2QH,YIQZMG1RG02P,Volkswagen,Amarok,2012,Plateado,Sedán
VEH-00468,ASG-00127,DOL-6490,RX91OV14KVV8N02YL,UNK87SICNPFT,Kia,Sportage,2010,Negro,SUV
VEH-00469,ASG-00322,REV-2100,U4JXF6NRWSMRUM88T,9LROVSISXPCD,Mazda,CX-30,2011,Gris,Pick-up
VEH-00470,ASG-00183,BTU-9386,A64WPR0NAJ9VYX7W6,5Q0Q3RXTU5LC,Toyota,Fortuner,2013,Azul,Camioneta
VEH-00471,ASG-00361,BZO-3784,U058A6RPPX6XAZYSL,VG01QC96KJ55,Mazda,CX-5,2015,Blanco,SUV
VEH-00472,ASG-00114,VVE-0154,7RMAGBCFGYTDPUFJC,BK291YLZQ9X8,Suzuki,Baleno,2015,Azul,Hatchback
VEH-00473,ASG-00264,PLA-8302,FE3FQQS1SH2AEAG8S,QTFQX8CWOJ4K,Kia,Sportage,2020,Blanco,Pick-up
VEH-00474,ASG-00039,SDN-9776,I7KEHCI53PZTY3PZH,58RRXAPXO041,Kia,Sorento,2023,Plateado,Pick-up
VEH-00475,ASG-00344,DWN-6704,HA8E2MYU6YDZ7KYG6,MOMQF1D5PJ5P,Chevrolet,Equinox,2025,Gris,Hatchback
VEH-00476,ASG-00236,XKF-6830,UHGMAH9W8NF3YIH1H,626A7U3DK81N,Suzuki,S-Cross,2013,Negro,Sedán
VEH-00477,ASG-00001,KBM-8851,DA589VZXUSWIRINHH,DZ3VUEPBENSJ,Volkswagen,Polo,2017,Rojo,SUV
VEH-00478,ASG-00254,NZQ-2400,OLVID0ZPKDC3TLZL4,QW3SZJZI6PDH,Chevrolet,D-Max,2022,Plateado,Camioneta
VEH-00479,ASG-00404,UKF-7250,GD81UKLURXGWH5MC6,7Y6IRPE0GTSV,Hyundai,Elantra,2020,Blanco,SUV
VEH-00480,ASG-00279,EJX-1077,F3872W40RGX1PO6KC,OFAQYWCTK6FJ,Volkswagen,Amarok,2023,Azul,Sedán
VEH-00481,ASG-00446,XBY-1585,8HWADRQY4FM2WVCWL,81IY054IL3UF,Hyundai,Accent,2010,Azul,Hatchback
VEH-00482,ASG-00429,ASK-8888,Z76DF4OAZWGSLIC3R,CF7ZQAI0ZIAP,Nissan,X-Trail,2014,Gris,Hatchback
VEH-00483,ASG-00228,SPR-5159,O35SVCDRBRYFLT64Q,4AOOBW8ACPMV,Suzuki,Jimny,2010,Plateado,Camioneta
VEH-00484,ASG-00173,CGR-0908,3XXCZTVLSTRXUGQC1,POI7H01BZBWC,Volkswagen,Amarok,2021,Plateado,Pick-up
VEH-00485,ASG-00297,AKN-9413,V3895GW280VNYZRWT,H5MXFWKAP9W7,Kia,Rio,2010,Blanco,SUV
VEH-00486,ASG-00006,EFC-9742,8D04VK9ZWJDZ5B4YZ,9E3KRJQLHHQL,Renault,Kwid,2011,Rojo,Pick-up
VEH-00487,ASG-00143,PVJ-8796,LOOCP0ZW341GX60V4,6TM5YWYYYAMY,Mazda,CX-30,2022,Blanco,Sedán
VEH-00488,ASG-00338,ZXZ-6233,GEE0W7ZXDLD9VX3NQ,NT8T01INNCTK,Volkswagen,Tiguan,2013,Blanco,Camioneta
VEH-00489,ASG-00094,APT-7304,O03WQLUAVURLNNPXX,XJBUVG6QVN2B,Nissan,Frontier,2013,Blanco,Pick-up
VEH-00490,ASG-00369,HDY-1298,H3MKALG93QE0KZLIM,60IBFOKA073R,Ford,Escape,2019,Plateado,Sedán
VEH-00491,ASG-00023,IYZ-7793,3LD8B6AAN0NN1JMJW,3A16N6NDWXYS,Suzuki,S-Cross,2017,Negro,Pick-up
VEH-00492,ASG-00256,NMR-3969,K3X0Z4KCCCXQ87RC6,M53XKP1F8VC0,Volkswagen,T-Cross,2012,Gris,Pick-up
VEH-00493,ASG-00089,UYA-4511,LZ6C9DCPTBV202NI3,EBDYO8EGA9WW,Chevrolet,Spark,2023,Gris,SUV
VEH-00494,ASG-00274,WWI-5111,7JL45XXUHFZ2VNRS1,YI7PQN0Y3DEM,Ford,Ranger,2012,Gris,Hatchback
VEH-00495,ASG-00169,RLR-7538,P0RZ9IC8BNZ94PNRC,6L4S60WRIRN0,Suzuki,S-Cross,2010,Rojo,Camioneta
VEH-00496,ASG-00144,ETG-3262,GQSAT2K2PBJ8GOQ94,X4CDQ4AD8K0S,Kia,Rio,2017,Blanco,Sedán
VEH-00497,ASG-00379,SJX-6752,AUZ9DBXLN7I3LQHZP,7RHPW0JHCVCQ,Toyota,Corolla,2012,Plateado,Camioneta
VEH-00498,ASG-00429,CHW-0843,0YZNU4BSI678U2T02,IMKI01FWP17F,Toyota,Hilux,2016,Gris,Camioneta
VEH-00499,ASG-00170,QKD-0114,CP0I2IKF3VTF8UPS7,I9OB0766LPS7,Nissan,Versa,2020,Rojo,SUV
VEH-00500,ASG-00217,BSJ-6467,LWX1JV41ZGOB0T86T,896CYLXOGGIS,Hyundai,Santa Fe,2017,Rojo,Hatchback
VEH-00501,ASG-00114,PLC-1722,6MDBIMK9AR52I4O7B,GQNFAS060YE5,Mazda,CX-5,2024,Gris,Camioneta
VEH-00502,ASG-00449,DYZ-1592,4S0DLGNPF0UC346VE,ISB9X4M51UHO,Volkswagen,Gol,2022,Blanco,Pick-up
VEH-00503,ASG-00482,BOK-4098,NMUVRZRC8OXHWGWBF,VKTNJSQPMIUU,Nissan,Kicks,2015,Rojo,Hatchback
VEH-00504,ASG-00169,NSK-2899,X7UPXNZN71HCZH26M,33TF6CDPFSRE,Volkswagen,Gol,2025,Plateado,Camioneta
VEH-00505,ASG-00162,QDF-1063,F7Z7UPM7XBQC9YNIO,5OTTP2SPHRU0,Mazda,3,2016,Gris,Pick-up
VEH-00506,ASG-00485,MWX-0571,O316HKT9HK5OJJ6RD,MWBQ8E75UYY3,Ford,Ranger,2021,Gris,Camioneta
VEH-00507,ASG-00479,QSI-4686,B6ABZ63K50XTJXRGG,D9063XIRDL5V,Volkswagen,T-Cross,2018,Blanco,Camioneta
VEH-00508,ASG-00310,MEI-2564,APEMJ69FFX1FIB54V,56EMU4G1PWW6,Kia,Sorento,2012,Rojo,Hatchback
VEH-00509,ASG-00486,PQU-9221,72IE6P2JV6PJTH1OK,IR3QMJUW0OD8,Hyundai,Elantra,2016,Blanco,Pick-up
VEH-00510,ASG-00256,YVU-5449,MQZHGE5VMK3UZP5BZ,44XRYJU0A4Q3,Ford,Explorer,2015,Negro,Camioneta
VEH-00511,ASG-00331,SIG-4943,KB416HE529JQKG0RY,TPFAID9GYUK2,Suzuki,S-Cross,2024,Blanco,Sedán
VEH-00512,ASG-00104,FTF-7065,LIL84K9PI777IB0E2,VMLSBLAZG9WM,Mazda,BT-50,2016,Negro,SUV
VEH-00513,ASG-00016,NSP-8381,MLMW14N63M7A0Y3R8,O6QB891IMLHO,Renault,Duster,2011,Blanco,Sedán
VEH-00514,ASG-00397,WDL-6283,72DUMN8CFZASHUV0D,NQPYV4CEBIRL,Kia,Picanto,2019,Blanco,Sedán
VEH-00515,ASG-00410,XHJ-7227,WK1FK99X4HR2FPTWY,WFA3A5XXDHIY,Kia,Sorento,2022,Gris,Camioneta
VEH-00516,ASG-00136,YJX-9797,UFHENZVHJV9EP51YN,5Y5D50I4RMWM,Suzuki,S-Cross,2025,Plateado,SUV
VEH-00517,ASG-00478,UMG-1230,TS9WEZ8OZB69W5GGX,D9LXUS0FCBLM,Chevrolet,D-Max,2010,Rojo,Hatchback
VEH-00518,ASG-00121,JQG-0511,KIQ62NQIQ7KLSC4QV,2D7PGWLRUTLU,Renault,Kwid,2021,Azul,Sedán
VEH-00519,ASG-00022,DQA-1230,0752RCNAT8ELN48HH,JFNHBNLCVHFD,Volkswagen,Gol,2021,Rojo,Camioneta
VEH-00520,ASG-00305,WRI-4025,FV4RE5U6A91PMQ1FK,QFD2EAFU5C83,Toyota,Corolla,2023,Blanco,Camioneta
VEH-00521,ASG-00275,XIO-3722,47CZ7ZJ4UBIMW1QG6,UVE6X699T4MB,Volkswagen,Gol,2021,Azul,Camioneta
VEH-00522,ASG-00050,VUE-9094,7A7EBU01YYP1JAKTC,4MT7C906XV1W,Chevrolet,Tracker,2020,Azul,Sedán
VEH-00523,ASG-00415,YZE-6158,N9UK48G86P3D0ER1N,ASS31FZCDY4F,Suzuki,S-Cross,2016,Rojo,Sedán
VEH-00524,ASG-00270,TPN-7871,J7UD0O4IS92F6UD9B,CUSZWJMH05D3,Mazda,CX-5,2019,Rojo,Camioneta
VEH-00525,ASG-00401,MPQ-2683,UHD0ZRZWED445MOH0,1S9FYG4PZKBD,Mazda,CX-30,2022,Azul,Sedán
VEH-00526,ASG-00363,TEE-6615,THWADMS0ZIRJXH2SV,OWHFPBB5NZT5,Chevrolet,Spark,2024,Plateado,Sedán
VEH-00527,ASG-00361,QEU-1399,F16CBRGN3C0TM1YD2,WFSQ1L1FU6CZ,Hyundai,Creta,2023,Plateado,Hatchback
VEH-00528,ASG-00217,QOQ-6709,D04JGYPKD5SWVDD3P,KHMVBHDGVJHM,Mazda,CX-5,2010,Gris,Camioneta
VEH-00529,ASG-00338,RQD-4170,WRRWC9SINGLATERR8,4PLBBVXV2CFX,Chevrolet,Tracker,2013,Rojo,Sedán
VEH-00530,ASG-00271,XQX-5278,L60SZIH1AE76ZI44D,P1629VG3F8OG,Hyundai,Tucson,2018,Blanco,Camioneta
VEH-00531,ASG-00233,JKK-6304,71U5IY076LDOG6KTU,JC8S877819Q7,Volkswagen,T-Cross,2025,Blanco,Camioneta
VEH-00532,ASG-00160,KRG-0601,MN5V4GL11BZ317DFN,IFDQV2GUX6QH,Nissan,Frontier,2010,Rojo,SUV
VEH-00533,ASG-00205,RWO-2353,YTPI8QFB91YY61TTR,VCH38BIHOTLW,Chevrolet,Spark,2011,Gris,SUV
VEH-00534,ASG-00171,AFS-3554,EK5NCUHIWIEY1H0M9,ACYWUWSXLDX0,Volkswagen,Tiguan,2020,Plateado,Pick-up
VEH-00535,ASG-00355,UMT-1403,SQPY77G8RTLZX7LY9,FR9E68BY803M,Hyundai,Santa Fe,2014,Negro,Sedán
VEH-00536,ASG-00282,CUE-8424,CTSMXNNPGX9DP49EH,ICMGPMOBTU4S,Mazda,3,2013,Plateado,Sedán
VEH-00537,ASG-00008,JYS-1352,AELRI77043G7K9PPO,PDE4N8SIEUL2,Nissan,Versa,2011,Blanco,SUV
VEH-00538,ASG-00149,HKJ-8578,TMLCB6EV5OGIMQDCP,1WWHTDWYP8QO,Toyota,Prado,2019,Rojo,Sedán
VEH-00539,ASG-00138,CVY-6686,LTODN5YEQFS8INASW,LY20YSFBLLZE,Toyota,Corolla,2022,Gris,Hatchback
VEH-00540,ASG-00256,KCX-4705,O627FVX3U7ZRVM02D,BF7JG9NPEZ07,Toyota,Prado,2024,Rojo,Sedán
VEH-00541,ASG-00268,SEO-9050,5SMGGK22W9IG4ZRBF,AE1DYEYRKKS7,Nissan,March,2022,Blanco,Camioneta
VEH-00542,ASG-00012,DYI-1075,H8GB3I3LUXO86LNDE,RWCQVDMMWY5X,Suzuki,S-Cross,2016,Negro,Sedán
VEH-00543,ASG-00227,EMM-7561,GS0LCS3PDWIGIURRI,RHF26AI7UEGQ,Volkswagen,Gol,2023,Gris,Hatchback
VEH-00544,ASG-00061,HKJ-5983,8URCWLJXXEEAM8NAY,5AQCS2K5NES7,Renault,Stepway,2014,Gris,Camioneta
VEH-00545,ASG-00241,CGD-1112,TV82PZ1ON46BLF7BU,EZ1AZ6W6N09T,Mazda,CX-5,2011,Negro,Camioneta
VEH-00546,ASG-00388,CUX-0427,PVHWX17DQQPQJ75R5,I4WGRV72YVSS,Chevrolet,Equinox,2014,Negro,Camioneta
VEH-00547,ASG-00305,SYK-4104,RNO5INOB8QUY2DQEG,OV2G2UDH3TUH,Volkswagen,T-Cross,2019,Azul,SUV
VEH-00548,ASG-00173,ORV-8041,LE9EARESJ8GL65K54,GX1RAHRFGMIN,Volkswagen,Tiguan,2012,Negro,Pick-up
VEH-00549,ASG-00049,DCN-4927,MZ80YYJ43KZMQKQU2,MWVR9WCSTFS8,Ford,Ranger,2024,Rojo,Camioneta
VEH-00550,ASG-00448,TEO-0224,JGW220AFZO2IHTDEX,VNKFMS064YRD,Hyundai,Elantra,2011,Gris,Hatchback
VEH-00551,ASG-00401,RVR-0997,HZJFFPGOQ50FNYBQ8,GN354JFP2EF3,Kia,Seltos,2015,Blanco,Pick-up
VEH-00552,ASG-00310,DXU-4913,US2Z3TPTBCU41LK28,6030QUNKWV0L,Suzuki,Vitara,2014,Rojo,Camioneta
VEH-00553,ASG-00359,AXY-4118,MY9FTZ9CXBE7R48U0,3Z9RF0NWGXJ9,Ford,EcoSport,2017,Plateado,Sedán
VEH-00554,ASG-00422,CCK-4043,X2M89WHA5S243LLT9,J2X12BHAGI8I,Hyundai,Tucson,2011,Azul,Pick-up
VEH-00555,ASG-00258,IXL-8649,JKBJCJJ4NU7PZJGRY,FIWEOV5J8F0I,Volkswagen,Polo,2015,Negro,Pick-up
VEH-00556,ASG-00286,DAS-5378,WTPT5A5EANYCBGA14,A5B8AS5UDEBE,Nissan,Frontier,2013,Blanco,Pick-up
VEH-00557,ASG-00482,WBS-4413,M2HDJ4CPZ3BN1398W,UU8N8QXMT3IU,Mazda,3,2014,Negro,Camioneta
VEH-00558,ASG-00392,UZH-6541,OZTCGZDYAWH3JGUXS,TRH90EHL6VBC,Renault,Stepway,2013,Negro,Camioneta
VEH-00559,ASG-00317,RNF-3170,1GEVOFF6GV8749RHX,91H8AKMLLX8Q,Hyundai,Tucson,2014,Azul,SUV
VEH-00560,ASG-00276,YHM-7716,R83VPB5YHXNGS35GR,IA9AQ4U6A7ZN,Mazda,3,2022,Gris,Camioneta
VEH-00561,ASG-00451,OBE-8396,3MB4JXUQXO8I148EN,H5VEBVGDGMYM,Nissan,March,2023,Gris,Pick-up
VEH-00562,ASG-00099,HDH-7854,410W8UTVZL8O4DD01,0TA015FOONX1,Suzuki,Swift,2025,Rojo,Camioneta
VEH-00563,ASG-00378,TKU-4835,W5ABHS8BIYKWRRDU4,MA4CLC7LDPEN,Kia,Sportage,2012,Gris,SUV
VEH-00564,ASG-00403,HHM-5775,NFQVCK22M0WWCQ9YK,LNHW541JNF70,Hyundai,Tucson,2018,Rojo,Sedán
VEH-00565,ASG-00359,JMK-5959,L2HLGVKHITUD0SWKT,RO1DB1PJEOLF,Chevrolet,Sail,2019,Negro,Hatchback
VEH-00566,ASG-00224,TIT-7638,W6O8LOCBOEGIKOQ5G,QGGSXWFN6B9A,Toyota,Yaris,2014,Azul,Sedán
VEH-00567,ASG-00026,WMG-8658,EI9OAU4J9J1JD2H4B,LSKDT8Z5KLO7,Toyota,Yaris,2017,Azul,Sedán
VEH-00568,ASG-00042,UIB-6207,MCL01RLDQ0BHALFF8,JUYIRCBL94JX,Ford,Explorer,2012,Blanco,Hatchback
VEH-00569,ASG-00483,QAI-9187,69XCQR6WJC01R5TSE,CDV7A6AJ0NCY,Volkswagen,Polo,2014,Gris,SUV
VEH-00570,ASG-00063,XRK-1139,2WRCK271LYNL48FE0,FV4Z147RM7EB,Toyota,RAV4,2024,Azul,Hatchback
VEH-00571,ASG-00118,UXB-3268,L22OQ7VTD4YVU0OMF,URMA8OB6P4PP,Hyundai,Creta,2011,Gris,Pick-up
VEH-00572,ASG-00062,JWD-3198,FIJOMH45EWJFLWWUB,2CCXC0P0UH4L,Ford,Ranger,2025,Azul,Sedán
VEH-00573,ASG-00072,EXX-7656,QDOD3EEK5QXVY7SIK,M3X9RSBSXKHY,Renault,Duster,2013,Gris,Hatchback
VEH-00574,ASG-00114,BGZ-9348,JXPM1WBH27S37WI64,SKWZ2TPBFIU9,Ford,Bronco,2017,Rojo,Pick-up
VEH-00575,ASG-00493,MIR-7261,LJ3YTFF4CRAJVXPW2,IX8VP2X3W3VK,Suzuki,S-Cross,2024,Negro,Camioneta
VEH-00576,ASG-00472,AZH-8655,JC0CGVFB7LE6225O9,FSOKW7KTY6Z0,Volkswagen,Amarok,2021,Plateado,Camioneta
VEH-00577,ASG-00285,YSC-9041,UW12C2F2OY6C0YHX2,BZKJ87WUATI8,Hyundai,Santa Fe,2022,Rojo,Pick-up
VEH-00578,ASG-00079,PQG-8068,3DQCNA2R46X5ICUQT,23ME7K81F99Z,Nissan,Frontier,2014,Rojo,Hatchback
VEH-00579,ASG-00148,ZXF-7462,4W2VF2K4OCR9H5U0R,9H4XJ4FNW392,Renault,Kwid,2013,Blanco,SUV
VEH-00580,ASG-00125,YLV-2266,7U96FZRZZ6UZA13I8,526VFGASVAVL,Renault,Kwid,2022,Blanco,Hatchback
VEH-00581,ASG-00119,KYS-0199,6ECK2XG2BKR1DQKA9,8RKGAYUGE8OC,Volkswagen,Gol,2016,Blanco,Hatchback
VEH-00582,ASG-00267,AYR-0013,HS9ZTYQE241P616V7,JKS5RX75UC2I,Toyota,Corolla,2019,Rojo,Pick-up
VEH-00583,ASG-00286,QPC-5965,21D4G1O7MFL1C1SY9,XICFK582KBZN,Mazda,CX-5,2019,Rojo,SUV
VEH-00584,ASG-00143,NFL-1776,51TECU54KRNX5LP60,7MKJGV00W910,Suzuki,Swift,2018,Negro,SUV
VEH-00585,ASG-00163,SPS-4245,RX67NCLLPWET9GV88,0QBKK85M7QQK,Nissan,Frontier,2023,Blanco,Camioneta
VEH-00586,ASG-00482,KGZ-7687,UAYZRLAO3J4ME8LWJ,LX462VDG6M8C,Volkswagen,T-Cross,2015,Azul,Pick-up
VEH-00587,ASG-00022,JBT-3341,W6YPWDCBJBFM69R89,L4SXRCZGYSJZ,Suzuki,Baleno,2012,Azul,Sedán
VEH-00588,ASG-00218,QBS-3506,Z4IFBCQMPEBVSQ3N2,I2LF89SWWK0J,Suzuki,Baleno,2012,Blanco,SUV
VEH-00589,ASG-00149,VSZ-0691,546BB9XC1U1B9BR17,UBAP3UIJH3N0,Suzuki,Swift,2022,Negro,Sedán
VEH-00590,ASG-00416,OII-1468,IIBR3F6PIDLR5INBO,PSDGDPY5OQ4X,Hyundai,Elantra,2025,Rojo,SUV
VEH-00591,ASG-00058,LPX-1584,NND71X7JN3IUVPFI9,2CYBGWK8NQLS,Kia,Sportage,2019,Negro,Sedán
VEH-00592,ASG-00400,WQV-6817,CYKCQEOG28KMTM65M,XWSQ0F6SJFWM,Chevrolet,Spark,2010,Azul,SUV
VEH-00593,ASG-00303,BJM-6438,NEEHOVSBY96Q2EEVJ,NIMKZ0MBJ26N,Renault,Stepway,2012,Blanco,SUV
VEH-00594,ASG-00171,XOO-1151,TWG2WNXICBIIQIM5J,50W57OHX2OR6,Nissan,X-Trail,2015,Rojo,Hatchback
VEH-00595,ASG-00022,YNH-5626,RHFLWPPCW0GFGTUZ5,RE620YOF1J2S,Kia,Cerato,2024,Gris,Hatchback
VEH-00596,ASG-00236,ERN-9229,WOMTS91HR1TFG3H44,I5EEVGW7ISMN,Mazda,CX-30,2013,Rojo,Camioneta
VEH-00597,ASG-00329,ZNT-3970,KDRAM4HOW2OVJ070G,M5PGT4N6WZZQ,Hyundai,Tucson,2017,Rojo,Hatchback
VEH-00598,ASG-00444,ZTW-7697,I8Z6AEWXC1UWBKCNK,36BTWZ4KXGXL,Mazda,2,2011,Plateado,Sedán
VEH-00599,ASG-00414,WXQ-1769,CWFBTQKGXWJ20WWZU,F1KXO8H4GKVU,Mazda,CX-3,2020,Blanco,Hatchback
VEH-00600,ASG-00093,FMN-2188,PCCNFHE2LFR7QADUR,OS5CLSW36CC7,Ford,Escape,2010,Rojo,Camioneta
